aligned_fps_from_gvhmr_loader,arm_pose_calibration_enabled,arm_pose_reference_root,backhand_arm_offsets,forehand_right_arm_motion_scale,human_height,lower_body_mode,min_body_z,min_body_z_before_shift,motion_name,output_fps,output_frames,output_npz,reference_strike_frame,reference_strike_time_s,right_arm_strike_pose_offsets,root_xy_mode,skipped_existing,source_frames,source_gvhmr_result,strike_type,target_root_height,waist_mode,z_shift
50.0,True,,"{'right_shoulder_pitch_joint': 0.0, 'right_shoulder_roll_joint': 0.0, 'right_shoulder_yaw_joint': 0.0, 'right_elbow_joint': 0.0, 'right_wrist_roll_joint': 0.0, 'right_wrist_pitch_joint': 0.0, 'right_wrist_yaw_joint': 0.0}",1.0,1.7512730360031128,reference_mean,0.025,0.11690929532051086,backhand_manual_001_backhand_0.000_1.937_50fps,50.0,94,/home/yhl/Desktop/Hitter/MOSAIC-main/data/hitter_motions/20260902_mqy_capture_g1_npz_v1_pre_align/backhand/backhand_manual_001_backhand_0.000_1.937_50fps__unitree_g1.npz,43,0.86,{},zero_start,False,97,/home/yhl/Desktop/Hitter/MOSAIC-main/data/hitter_captures/20260902_mqy_capture/gvhmr_results/backhand/backhand_manual_001_backhand_0.000_1.937_50fps/hmr4d_results.pt,backhand,0.78,keep,0.0
50.0,True,,"{'right_shoulder_pitch_joint': 0.0, 'right_shoulder_roll_joint': 0.0, 'right_shoulder_yaw_joint': 0.0, 'right_elbow_joint': 0.0, 'right_wrist_roll_joint': 0.0, 'right_wrist_pitch_joint': 0.0, 'right_wrist_yaw_joint': 0.0}",1.0,1.7509593963623047,reference_mean,0.025,0.11544628441333771,backhand_manual_002_backhand_1.950_3.940_50fps,50.0,94,/home/yhl/Desktop/Hitter/MOSAIC-main/data/hitter_motions/20260902_mqy_capture_g1_npz_v1_pre_align/backhand/backhand_manual_002_backhand_1.950_3.940_50fps__unitree_g1.npz,43,0.86,{},zero_start,False,100,/home/yhl/Desktop/Hitter/MOSAIC-main/data/hitter_captures/20260902_mqy_capture/gvhmr_results/backhand/backhand_manual_002_backhand_1.950_3.940_50fps/hmr4d_results.pt,backhand,0.78,keep,0.0
50.0,True,,"{'right_shoulder_pitch_joint': 0.0, 'right_shoulder_roll_joint': 0.0, 'right_shoulder_yaw_joint': 0.0, 'right_elbow_joint': 0.0, 'right_wrist_roll_joint': 0.0, 'right_wrist_pitch_joint': 0.0, 'right_wrist_yaw_joint': 0.0}",1.0,1.7427481412887573,reference_mean,0.025,0.11549027264118195,backhand_manual_003_backhand_3.943_5.950_50fps,50.0,94,/home/yhl/Desktop/Hitter/MOSAIC-main/data/hitter_motions/20260902_mqy_capture_g1_npz_v1_pre_align/backhand/backhand_manual_003_backhand_3.943_5.950_50fps__unitree_g1.npz,43,0.86,{},zero_start,False,101,/home/yhl/Desktop/Hitter/MOSAIC-main/data/hitter_captures/20260902_mqy_capture/gvhmr_results/backhand/backhand_manual_003_backhand_3.943_5.950_50fps/hmr4d_results.pt,backhand,0.78,keep,0.0
50.0,True,,"{'right_shoulder_pitch_joint': 0.0, 'right_shoulder_roll_joint': 0.0, 'right_shoulder_yaw_joint': 0.0, 'right_elbow_joint': 0.0, 'right_wrist_roll_joint': 0.0, 'right_wrist_pitch_joint': 0.0, 'right_wrist_yaw_joint': 0.0}",1.0,1.7540562152862549,reference_mean,0.025,0.11675111949443817,backhand_manual_004_backhand_0.680_2.580_50fps,50.0,94,/home/yhl/Desktop/Hitter/MOSAIC-main/data/hitter_motions/20260902_mqy_capture_g1_npz_v1_pre_align/backhand/backhand_manual_004_backhand_0.680_2.580_50fps__unitree_g1.npz,43,0.86,{},zero_start,False,95,/home/yhl/Desktop/Hitter/MOSAIC-main/data/hitter_captures/20260902_mqy_capture/gvhmr_results/backhand/backhand_manual_004_backhand_0.680_2.580_50fps/hmr4d_results.pt,backhand,0.78,keep,0.0
50.0,True,,"{'right_shoulder_pitch_joint': 0.0, 'right_shoulder_roll_joint': 0.0, 'right_shoulder_yaw_joint': 0.0, 'right_elbow_joint': 0.0, 'right_wrist_roll_joint': 0.0, 'right_wrist_pitch_joint': 0.0, 'right_wrist_yaw_joint': 0.0}",1.0,1.7504713535308838,reference_mean,0.025,0.11641298234462738,backhand_manual_005_backhand_2.580_4.500_50fps,50.0,94,/home/yhl/Desktop/Hitter/MOSAIC-main/data/hitter_motions/20260902_mqy_capture_g1_npz_v1_pre_align/backhand/backhand_manual_005_backhand_2.580_4.500_50fps__unitree_g1.npz,43,0.86,{},zero_start,False,96,/home/yhl/Desktop/Hitter/MOSAIC-main/data/hitter_captures/20260902_mqy_capture/gvhmr_results/backhand/backhand_manual_005_backhand_2.580_4.500_50fps/hmr4d_results.pt,backhand,0.78,keep,0.0
50.0,True,,"{'right_shoulder_pitch_joint': 0.0, 'right_shoulder_roll_joint': 0.0, 'right_shoulder_yaw_joint': 0.0, 'right_elbow_joint': 0.0, 'right_wrist_roll_joint': 0.0, 'right_wrist_pitch_joint': 0.0, 'right_wrist_yaw_joint': 0.0}",1.0,1.7508047819137573,reference_mean,0.025,0.11580918729305267,backhand_manual_006_backhand_4.550_6.650_50fps,50.0,94,/home/yhl/Desktop/Hitter/MOSAIC-main/data/hitter_motions/20260902_mqy_capture_g1_npz_v1_pre_align/backhand/backhand_manual_006_backhand_4.550_6.650_50fps__unitree_g1.npz,43,0.86,{},zero_start,False,105,/home/yhl/Desktop/Hitter/MOSAIC-main/data/hitter_captures/20260902_mqy_capture/gvhmr_results/backhand/backhand_manual_006_backhand_4.550_6.650_50fps/hmr4d_results.pt,backhand,0.78,keep,0.0
50.0,True,,"{'right_shoulder_pitch_joint': 0.0, 'right_shoulder_roll_joint': 0.0, 'right_shoulder_yaw_joint': 0.0, 'right_elbow_joint': 0.0, 'right_wrist_roll_joint': 0.0, 'right_wrist_pitch_joint': 0.0, 'right_wrist_yaw_joint': 0.0}",1.0,1.7478388547897339,reference_mean,0.025,0.1166379526257515,backhand_manual_007_backhand_0.500_2.450_50fps,50.0,94,/home/yhl/Desktop/Hitter/MOSAIC-main/data/hitter_motions/20260902_mqy_capture_g1_npz_v1_pre_align/backhand/backhand_manual_007_backhand_0.500_2.450_50fps__unitree_g1.npz,43,0.86,{},zero_start,False,98,/home/yhl/Desktop/Hitter/MOSAIC-main/data/hitter_captures/20260902_mqy_capture/gvhmr_results/backhand/backhand_manual_007_backhand_0.500_2.450_50fps/hmr4d_results.pt,backhand,0.78,keep,0.0
50.0,True,,"{'right_shoulder_pitch_joint': 0.0, 'right_shoulder_roll_joint': 0.0, 'right_shoulder_yaw_joint': 0.0, 'right_elbow_joint': 0.0, 'right_wrist_roll_joint': 0.0, 'right_wrist_pitch_joint': 0.0, 'right_wrist_yaw_joint': 0.0}",1.0,1.7509483098983765,reference_mean,0.025,0.11609149724245071,backhand_manual_008_backhand_2.455_4.500_50fps,50.0,94,/home/yhl/Desktop/Hitter/MOSAIC-main/data/hitter_motions/20260902_mqy_capture_g1_npz_v1_pre_align/backhand/backhand_manual_008_backhand_2.455_4.500_50fps__unitree_g1.npz,43,0.86,{},zero_start,False,103,/home/yhl/Desktop/Hitter/MOSAIC-main/data/hitter_captures/20260902_mqy_capture/gvhmr_results/backhand/backhand_manual_008_backhand_2.455_4.500_50fps/hmr4d_results.pt,backhand,0.78,keep,0.0
50.0,True,,"{'right_shoulder_pitch_joint': 0.0, 'right_shoulder_roll_joint': 0.0, 'right_shoulder_yaw_joint': 0.0, 'right_elbow_joint': 0.0, 'right_wrist_roll_joint': 0.0, 'right_wrist_pitch_joint': 0.0, 'right_wrist_yaw_joint': 0.0}",1.0,1.7551629543304443,reference_mean,0.025,0.11615543812513351,backhand_manual_009_backhand_4.550_6.600_50fps,50.0,94,/home/yhl/Desktop/Hitter/MOSAIC-main/data/hitter_motions/20260902_mqy_capture_g1_npz_v1_pre_align/backhand/backhand_manual_009_backhand_4.550_6.600_50fps__unitree_g1.npz,43,0.86,{},zero_start,False,103,/home/yhl/Desktop/Hitter/MOSAIC-main/data/hitter_captures/20260902_mqy_capture/gvhmr_results/backhand/backhand_manual_009_backhand_4.550_6.600_50fps/hmr4d_results.pt,backhand,0.78,keep,0.0
50.0,True,,{},1.0,1.665053129196167,reference_mean,0.025,0.11030228435993195,forehand_manual_011_forehand_1.100_3.100_50fps,50.0,94,/home/yhl/Desktop/Hitter/MOSAIC-main/data/hitter_motions/20260902_mqy_capture_g1_npz_v1_pre_align/forehand/forehand_manual_011_forehand_1.100_3.100_50fps__unitree_g1.npz,43,0.86,{},zero_start,False,100,/home/yhl/Desktop/Hitter/MOSAIC-main/data/hitter_captures/20260902_mqy_capture/gvhmr_results/forehand/forehand_manual_011_forehand_1.100_3.100_50fps/hmr4d_results.pt,forehand,0.78,keep,0.0
50.0,True,,{},1.0,1.6975382566452026,reference_mean,0.025,0.1114848330616951,forehand_manual_012_forehand_3.200_5.300_50fps,50.0,94,/home/yhl/Desktop/Hitter/MOSAIC-main/data/hitter_motions/20260902_mqy_capture_g1_npz_v1_pre_align/forehand/forehand_manual_012_forehand_3.200_5.300_50fps__unitree_g1.npz,43,0.86,{},zero_start,False,105,/home/yhl/Desktop/Hitter/MOSAIC-main/data/hitter_captures/20260902_mqy_capture/gvhmr_results/forehand/forehand_manual_012_forehand_3.200_5.300_50fps/hmr4d_results.pt,forehand,0.78,keep,0.0
50.0,True,,{},1.0,1.681424856185913,reference_mean,0.025,0.11077216267585754,forehand_manual_013_forehand_5.500_7.500_50fps,50.0,94,/home/yhl/Desktop/Hitter/MOSAIC-main/data/hitter_motions/20260902_mqy_capture_g1_npz_v1_pre_align/forehand/forehand_manual_013_forehand_5.500_7.500_50fps__unitree_g1.npz,43,0.86,{},zero_start,False,100,/home/yhl/Desktop/Hitter/MOSAIC-main/data/hitter_captures/20260902_mqy_capture/gvhmr_results/forehand/forehand_manual_013_forehand_5.500_7.500_50fps/hmr4d_results.pt,forehand,0.78,keep,0.0
50.0,True,,{},1.0,1.6873918771743774,reference_mean,0.025,0.11228108406066895,forehand_manual_014_forehand_0.900_2.900_50fps,50.0,94,/home/yhl/Desktop/Hitter/MOSAIC-main/data/hitter_motions/20260902_mqy_capture_g1_npz_v1_pre_align/forehand/forehand_manual_014_forehand_0.900_2.900_50fps__unitree_g1.npz,43,0.86,{},zero_start,False,100,/home/yhl/Desktop/Hitter/MOSAIC-main/data/hitter_captures/20260902_mqy_capture/gvhmr_results/forehand/forehand_manual_014_forehand_0.900_2.900_50fps/hmr4d_results.pt,forehand,0.78,keep,0.0
50.0,True,,{},1.0,1.6416140794754028,reference_mean,0.025,0.10728996247053146,forehand_manual_015_forehand_2.950_4.950_50fps,50.0,94,/home/yhl/Desktop/Hitter/MOSAIC-main/data/hitter_motions/20260902_mqy_capture_g1_npz_v1_pre_align/forehand/forehand_manual_015_forehand_2.950_4.950_50fps__unitree_g1.npz,43,0.86,{},zero_start,False,100,/home/yhl/Desktop/Hitter/MOSAIC-main/data/hitter_captures/20260902_mqy_capture/gvhmr_results/forehand/forehand_manual_015_forehand_2.950_4.950_50fps/hmr4d_results.pt,forehand,0.78,keep,0.0
50.0,True,,{},1.0,1.6380865573883057,reference_mean,0.025,0.10713786631822586,forehand_manual_016_forehand_5.000_6.950_50fps,50.0,94,/home/yhl/Desktop/Hitter/MOSAIC-main/data/hitter_motions/20260902_mqy_capture_g1_npz_v1_pre_align/forehand/forehand_manual_016_forehand_5.000_6.950_50fps__unitree_g1.npz,43,0.86,{},zero_start,False,98,/home/yhl/Desktop/Hitter/MOSAIC-main/data/hitter_captures/20260902_mqy_capture/gvhmr_results/forehand/forehand_manual_016_forehand_5.000_6.950_50fps/hmr4d_results.pt,forehand,0.78,keep,0.0
50.0,True,,{},1.0,1.6745423078536987,reference_mean,0.025,0.1111907884478569,forehand_manual_017_forehand_0.600_2.500_50fps,50.0,94,/home/yhl/Desktop/Hitter/MOSAIC-main/data/hitter_motions/20260902_mqy_capture_g1_npz_v1_pre_align/forehand/forehand_manual_017_forehand_0.600_2.500_50fps__unitree_g1.npz,43,0.86,{},zero_start,False,95,/home/yhl/Desktop/Hitter/MOSAIC-main/data/hitter_captures/20260902_mqy_capture/gvhmr_results/forehand/forehand_manual_017_forehand_0.600_2.500_50fps/hmr4d_results.pt,forehand,0.78,keep,0.0
50.0,True,,{},1.0,1.5925631523132324,reference_mean,0.025,0.1051933541893959,forehand_manual_018_forehand_2.550_4.600_50fps,50.0,94,/home/yhl/Desktop/Hitter/MOSAIC-main/data/hitter_motions/20260902_mqy_capture_g1_npz_v1_pre_align/forehand/forehand_manual_018_forehand_2.550_4.600_50fps__unitree_g1.npz,43,0.86,{},zero_start,False,103,/home/yhl/Desktop/Hitter/MOSAIC-main/data/hitter_captures/20260902_mqy_capture/gvhmr_results/forehand/forehand_manual_018_forehand_2.550_4.600_50fps/hmr4d_results.pt,forehand,0.78,keep,0.0
50.0,True,,{},1.0,1.585295557975769,reference_mean,0.025,0.10542361438274384,forehand_manual_019_forehand_5.000_7.050_50fps,50.0,94,/home/yhl/Desktop/Hitter/MOSAIC-main/data/hitter_motions/20260902_mqy_capture_g1_npz_v1_pre_align/forehand/forehand_manual_019_forehand_5.000_7.050_50fps__unitree_g1.npz,43,0.86,{},zero_start,False,103,/home/yhl/Desktop/Hitter/MOSAIC-main/data/hitter_captures/20260902_mqy_capture/gvhmr_results/forehand/forehand_manual_019_forehand_5.000_7.050_50fps/hmr4d_results.pt,forehand,0.78,keep,0.0
