class,source,output,frames,fps,target_frame,source_peak_frame,applied_shift_frames,aligned_peak_frame,aligned_peak_error_frames,source_peak_speed_mps,source_strike_speed_mps,aligned_strike_speed_mps,edge_hold_start_frames,edge_hold_end_frames,copied_unchanged
backhand,data/hitter_motions/wechat_20260608_g1_npz_strike43_fixed_racket_roll055_arm155/backhand/backhand_manual_005_cb108680_26.000_27.203_strike43_94f_50fps__unitree_g1.npz,data/hitter_motions/wechat_20260608_g1_npz_strike43_fixed_racket_roll055_arm155_peak43_aligned/backhand/backhand_manual_005_cb108680_26.000_27.203_strike43_94f_50fps__unitree_g1.npz,94,50.0,43,20,23,43,0,2.5007078647613525,0.6265776753425598,2.5007076263427734,24,0,False
backhand,data/hitter_motions/wechat_20260608_g1_npz_strike43_fixed_racket_roll055_arm155/backhand/backhand_manual_006_cb108680_27.200_29.000_strike43_94f_50fps__unitree_g1.npz,data/hitter_motions/wechat_20260608_g1_npz_strike43_fixed_racket_roll055_arm155_peak43_aligned/backhand/backhand_manual_006_cb108680_27.200_29.000_strike43_94f_50fps__unitree_g1.npz,94,50.0,43,31,12,43,0,2.583901882171631,0.39993903040885925,2.5839016437530518,13,0,False
backhand,data/hitter_motions/wechat_20260608_g1_npz_strike43_fixed_racket_roll055_arm155/backhand/backhand_manual_007_cb108680_29.000_30.500_strike43_94f_50fps__unitree_g1.npz,data/hitter_motions/wechat_20260608_g1_npz_strike43_fixed_racket_roll055_arm155_peak43_aligned/backhand/backhand_manual_007_cb108680_29.000_30.500_strike43_94f_50fps__unitree_g1.npz,94,50.0,43,17,26,43,0,2.412567138671875,0.6151377558708191,2.412567138671875,27,0,False
backhand,data/hitter_motions/wechat_20260608_g1_npz_strike43_fixed_racket_roll055_arm155/backhand/backhand_manual_008_cb108680_30.500_31.800_strike43_94f_50fps__unitree_g1.npz,data/hitter_motions/wechat_20260608_g1_npz_strike43_fixed_racket_roll055_arm155_peak43_aligned/backhand/backhand_manual_008_cb108680_30.500_31.800_strike43_94f_50fps__unitree_g1.npz,94,50.0,43,17,26,43,0,2.8200929164886475,0.9044575095176697,2.8200926780700684,27,0,False
backhand,data/hitter_motions/wechat_20260608_g1_npz_strike43_fixed_racket_roll055_arm155/backhand/backhand_manual_009_cb108680_32.000_33.500_strike43_94f_50fps__unitree_g1.npz,data/hitter_motions/wechat_20260608_g1_npz_strike43_fixed_racket_roll055_arm155_peak43_aligned/backhand/backhand_manual_009_cb108680_32.000_33.500_strike43_94f_50fps__unitree_g1.npz,94,50.0,43,13,30,43,0,2.505337715148926,1.2726629972457886,2.505337715148926,31,0,False
forehand,data/hitter_motions/wechat_20260608_g1_npz_strike43_fixed_racket_roll055_arm155/forehand/forehand_manual_001_cb108680_15.754_17.418_strike43_94f_50fps__unitree_g1.npz,data/hitter_motions/wechat_20260608_g1_npz_strike43_fixed_racket_roll055_arm155_peak43_aligned/forehand/forehand_manual_001_cb108680_15.754_17.418_strike43_94f_50fps__unitree_g1.npz,94,50.0,43,39,4,43,0,3.535235643386841,2.1103429794311523,3.5352354049682617,5,0,False
forehand,data/hitter_motions/wechat_20260608_g1_npz_strike43_fixed_racket_roll055_arm155/forehand/forehand_manual_002_cb108680_17.506_19.000_strike43_94f_50fps__unitree_g1.npz,data/hitter_motions/wechat_20260608_g1_npz_strike43_fixed_racket_roll055_arm155_peak43_aligned/forehand/forehand_manual_002_cb108680_17.506_19.000_strike43_94f_50fps__unitree_g1.npz,94,50.0,43,33,10,43,0,2.5701065063476562,0.4902802109718323,2.5701065063476562,11,0,False
forehand,data/hitter_motions/wechat_20260608_g1_npz_strike43_fixed_racket_roll055_arm155/forehand/forehand_manual_003_cb108680_19.003_21.000_strike43_94f_50fps__unitree_g1.npz,data/hitter_motions/wechat_20260608_g1_npz_strike43_fixed_racket_roll055_arm155_peak43_aligned/forehand/forehand_manual_003_cb108680_19.003_21.000_strike43_94f_50fps__unitree_g1.npz,94,50.0,43,45,-2,43,0,2.812183141708374,2.122091770172119,2.812183141708374,0,3,False
forehand,data/hitter_motions/wechat_20260608_g1_npz_strike43_fixed_racket_roll055_arm155/forehand/forehand_manual_004_cb108680_21.000_23.000_strike43_94f_50fps__unitree_g1.npz,data/hitter_motions/wechat_20260608_g1_npz_strike43_fixed_racket_roll055_arm155_peak43_aligned/forehand/forehand_manual_004_cb108680_21.000_23.000_strike43_94f_50fps__unitree_g1.npz,94,50.0,43,30,13,43,0,2.9747495651245117,0.02192242071032524,2.9747495651245117,14,0,False
