aligned_fps_from_gvhmr_loader,backhand_wrist_offsets,forehand_right_arm_motion_scale,human_height,lower_body_mode,min_body_z,min_body_z_before_shift,motion_name,output_fps,output_frames,output_npz,reference_strike_frame,reference_strike_time_s,root_xy_mode,skipped_existing,source_frames,source_gvhmr_result,strike_type,target_root_height,waist_mode,z_shift
50.0,"{'right_wrist_roll_joint': 0.55, 'right_wrist_pitch_joint': 0.0, 'right_wrist_yaw_joint': 0.0}",1.0,1.7623625135421752,reference_mean,0.025,0.11403357982635498,backhand_manual_005_cb108680_26.000_27.203_strike43_94f_50fps,50.0,94,/root/Hitter/MOSAIC-main/data/hitter_motions/wechat_20260608_g1_npz_strike43_fixed_racket_roll055_arm155/backhand/backhand_manual_005_cb108680_26.000_27.203_strike43_94f_50fps__unitree_g1.npz,43,0.86,zero_start,False,94,/root/Hitter/MOSAIC-main/data/hitter_motions/wechat_20260608_gvhmr_outputs/backhand_manual_005_cb108680_26.000_27.203_strike43_94f_50fps/hmr4d_results.pt,backhand,0.78,keep,0.0
50.0,"{'right_wrist_roll_joint': 0.55, 'right_wrist_pitch_joint': 0.0, 'right_wrist_yaw_joint': 0.0}",1.0,1.7577579474449156,reference_mean,0.025,0.11323724687099457,backhand_manual_006_cb108680_27.200_29.000_strike43_94f_50fps,50.0,94,/root/Hitter/MOSAIC-main/data/hitter_motions/wechat_20260608_g1_npz_strike43_fixed_racket_roll055_arm155/backhand/backhand_manual_006_cb108680_27.200_29.000_strike43_94f_50fps__unitree_g1.npz,43,0.86,zero_start,False,94,/root/Hitter/MOSAIC-main/data/hitter_motions/wechat_20260608_gvhmr_outputs/backhand_manual_006_cb108680_27.200_29.000_strike43_94f_50fps/hmr4d_results.pt,backhand,0.78,keep,0.0
50.0,"{'right_wrist_roll_joint': 0.55, 'right_wrist_pitch_joint': 0.0, 'right_wrist_yaw_joint': 0.0}",1.0,1.7685391521453857,reference_mean,0.025,0.11248938739299774,backhand_manual_007_cb108680_29.000_30.500_strike43_94f_50fps,50.0,94,/root/Hitter/MOSAIC-main/data/hitter_motions/wechat_20260608_g1_npz_strike43_fixed_racket_roll055_arm155/backhand/backhand_manual_007_cb108680_29.000_30.500_strike43_94f_50fps__unitree_g1.npz,43,0.86,zero_start,False,94,/root/Hitter/MOSAIC-main/data/hitter_motions/wechat_20260608_gvhmr_outputs/backhand_manual_007_cb108680_29.000_30.500_strike43_94f_50fps/hmr4d_results.pt,backhand,0.78,keep,0.0
50.0,"{'right_wrist_roll_joint': 0.55, 'right_wrist_pitch_joint': 0.0, 'right_wrist_yaw_joint': 0.0}",1.0,1.7568282163143156,reference_mean,0.025,0.11190944164991379,backhand_manual_008_cb108680_30.500_31.800_strike43_94f_50fps,50.0,94,/root/Hitter/MOSAIC-main/data/hitter_motions/wechat_20260608_g1_npz_strike43_fixed_racket_roll055_arm155/backhand/backhand_manual_008_cb108680_30.500_31.800_strike43_94f_50fps__unitree_g1.npz,43,0.86,zero_start,False,94,/root/Hitter/MOSAIC-main/data/hitter_motions/wechat_20260608_gvhmr_outputs/backhand_manual_008_cb108680_30.500_31.800_strike43_94f_50fps/hmr4d_results.pt,backhand,0.78,keep,0.0
50.0,"{'right_wrist_roll_joint': 0.55, 'right_wrist_pitch_joint': 0.0, 'right_wrist_yaw_joint': 0.0}",1.0,1.762486538887024,reference_mean,0.025,0.11280357837677002,backhand_manual_009_cb108680_32.000_33.500_strike43_94f_50fps,50.0,94,/root/Hitter/MOSAIC-main/data/hitter_motions/wechat_20260608_g1_npz_strike43_fixed_racket_roll055_arm155/backhand/backhand_manual_009_cb108680_32.000_33.500_strike43_94f_50fps__unitree_g1.npz,43,0.86,zero_start,False,94,/root/Hitter/MOSAIC-main/data/hitter_motions/wechat_20260608_gvhmr_outputs/backhand_manual_009_cb108680_32.000_33.500_strike43_94f_50fps/hmr4d_results.pt,backhand,0.78,keep,0.0
50.0,{},1.55,1.7786815738677977,reference_mean,0.025,0.11610597372055054,forehand_manual_001_cb108680_15.754_17.418_strike43_94f_50fps,50.0,94,/root/Hitter/MOSAIC-main/data/hitter_motions/wechat_20260608_g1_npz_strike43_fixed_racket_roll055_arm155/forehand/forehand_manual_001_cb108680_15.754_17.418_strike43_94f_50fps__unitree_g1.npz,43,0.86,zero_start,False,94,/root/Hitter/MOSAIC-main/data/hitter_motions/wechat_20260608_gvhmr_outputs/forehand_manual_001_cb108680_15.754_17.418_strike43_94f_50fps/hmr4d_results.pt,forehand,0.78,keep,0.0
50.0,{},1.55,1.7866530990600584,reference_mean,0.025,0.11413919180631638,forehand_manual_002_cb108680_17.506_19.000_strike43_94f_50fps,50.0,94,/root/Hitter/MOSAIC-main/data/hitter_motions/wechat_20260608_g1_npz_strike43_fixed_racket_roll055_arm155/forehand/forehand_manual_002_cb108680_17.506_19.000_strike43_94f_50fps__unitree_g1.npz,43,0.86,zero_start,False,94,/root/Hitter/MOSAIC-main/data/hitter_motions/wechat_20260608_gvhmr_outputs/forehand_manual_002_cb108680_17.506_19.000_strike43_94f_50fps/hmr4d_results.pt,forehand,0.78,keep,0.0
50.0,{},1.55,1.790912685394287,reference_mean,0.025,0.11344199627637863,forehand_manual_003_cb108680_19.003_21.000_strike43_94f_50fps,50.0,94,/root/Hitter/MOSAIC-main/data/hitter_motions/wechat_20260608_g1_npz_strike43_fixed_racket_roll055_arm155/forehand/forehand_manual_003_cb108680_19.003_21.000_strike43_94f_50fps__unitree_g1.npz,43,0.86,zero_start,False,94,/root/Hitter/MOSAIC-main/data/hitter_motions/wechat_20260608_gvhmr_outputs/forehand_manual_003_cb108680_19.003_21.000_strike43_94f_50fps/hmr4d_results.pt,forehand,0.78,keep,0.0
50.0,{},1.55,1.7925932502746582,reference_mean,0.025,0.11372043937444687,forehand_manual_004_cb108680_21.000_23.000_strike43_94f_50fps,50.0,94,/root/Hitter/MOSAIC-main/data/hitter_motions/wechat_20260608_g1_npz_strike43_fixed_racket_roll055_arm155/forehand/forehand_manual_004_cb108680_21.000_23.000_strike43_94f_50fps__unitree_g1.npz,43,0.86,zero_start,False,94,/root/Hitter/MOSAIC-main/data/hitter_motions/wechat_20260608_gvhmr_outputs/forehand_manual_004_cb108680_21.000_23.000_strike43_94f_50fps/hmr4d_results.pt,forehand,0.78,keep,0.0
