host_time_s,elapsed_s,row_index,frame_number,vicon_frame_number,vicon_time_s,publish_time_us,channel,name,ball_valid,ball_occluded,ball_x_m,ball_y_m,ball_z_m,ball_qx,ball_qy,ball_qz,ball_qw,base_valid,base_x_m,base_y_m,base_z_m,base_qx,base_qy,base_qz,base_qw
1782672357.723408937,181988.362852335,24299814,119123628,119123628,397078.760000000,1782672357653959,vicon_state_data,ball,1,0,3.104026280,0.197081822,1.224850376,0.000000000,0.000000000,0.000000000,1.000000000,1,-0.410093970,0.068497596,0.753767954,0.000000000,0.000000000,0.051328856,0.998681805
1782672357.734076977,181988.373520374,24299815,119123629,119123629,397078.763333333,1782672357657217,vicon_state_data,ball,1,0,3.103882740,0.197042067,1.225219704,0.000000000,0.000000000,0.000000000,1.000000000,1,-0.410109251,0.068503128,0.753755079,0.000000000,0.000000000,0.051195814,0.998688634
1782672357.744948626,181988.384392023,24299816,119123630,119123630,397078.766666667,1782672357660906,vicon_state_data,ball,1,0,3.103729947,0.196988759,1.225574424,0.000000000,0.000000000,0.000000000,1.000000000,1,-0.410095928,0.068484055,0.753767247,0.000000000,0.000000000,0.051187488,0.998689061
1782672357.754797935,181988.394241333,24299817,119123631,119123631,397078.770000000,1782672357663882,vicon_state_data,ball,1,0,3.103534615,0.196960083,1.225973491,0.000000000,0.000000000,0.000000000,1.000000000,1,-0.410098480,0.068490947,0.753764144,0.000000000,0.000000000,0.051251086,0.998685800
1782672357.764303684,181988.403747082,24299818,119123632,119123632,397078.773333333,1782672357667228,vicon_state_data,ball,1,0,3.103323158,0.196884046,1.226378463,0.000000000,0.000000000,0.000000000,1.000000000,1,-0.410092044,0.068484471,0.753774339,0.000000000,0.000000000,0.051290989,0.998683751
1782672357.774078608,181988.413522005,24299819,119123635,119123635,397078.783333333,1782672357677801,vicon_state_data,ball,1,0,3.102575768,0.196640303,1.227608424,0.000000000,0.000000000,0.000000000,1.000000000,1,-0.410101310,0.068505461,0.753771733,0.000000000,0.000000000,0.051266427,0.998685012
1782672357.784288168,181988.423731565,24299820,119123638,119123638,397078.793333333,1782672357687285,vicon_state_data,ball,1,0,3.101414263,0.196493161,1.228882104,0.000000000,0.000000000,0.000000000,1.000000000,1,-0.410110844,0.068497309,0.753754975,0.000000000,0.000000000,0.051140559,0.998691465
1782672357.794629574,181988.434072971,24299821,119123640,119123640,397078.800000000,1782672357694848,vicon_state_data,ball,1,0,3.100389664,0.196367546,1.229821789,0.000000000,0.000000000,0.000000000,1.000000000,1,-0.410097527,0.068502267,0.753761719,0.000000000,0.000000000,0.051234796,0.998686635
1782672357.804348946,181988.443792343,24299822,119123646,119123646,397078.820000000,1782672357713941,vicon_state_data,ball,1,0,3.096056970,0.196365794,1.232812912,0.000000000,0.000000000,0.000000000,1.000000000,1,-0.410104749,0.068503041,0.753773830,0.000000000,0.000000000,0.051311367,0.998682704
1782672357.814181328,181988.453624725,24299823,119123649,119123649,397078.830000000,1782672357724061,vicon_state_data,ball,1,0,3.093275188,0.196388201,1.234415022,0.000000000,0.000000000,0.000000000,1.000000000,1,-0.410090392,0.068487844,0.753766867,0.000000000,0.000000000,0.051331279,0.998681681
1782672357.823832035,181988.463275433,24299824,119123652,119123652,397078.840000000,1782672357734166,vicon_state_data,ball,1,0,3.089889653,0.196176747,1.235951822,0.000000000,0.000000000,0.000000000,1.000000000,1,-0.410098747,0.068491167,0.753765383,0.000000000,0.000000000,0.051225282,0.998687123
1782672357.833801985,181988.473245382,24299825,119123656,119123656,397078.853333333,1782672357747402,vicon_state_data,ball,1,0,3.083696270,0.195511141,1.238470812,0.000000000,0.000000000,0.000000000,1.000000000,1,-0.410103250,0.068491430,0.753759202,0.000000000,0.000000000,0.051180784,0.998689405
1782672357.843421698,181988.482865095,24299826,119123662,119123662,397078.873333333,1782672357767361,vicon_state_data,ball,1,0,3.066364288,0.196658787,1.249053055,0.000000000,0.000000000,0.000000000,1.000000000,1,-0.410101851,0.068482869,0.753769399,0.000000000,0.000000000,0.051263764,0.998685149
1782672357.855468512,181988.494911909,24299827,119123665,119123665,397078.883333333,1782672357777454,vicon_state_data,ball,1,0,3.057509321,0.191655308,1.253643648,0.000000000,0.000000000,0.000000000,1.000000000,1,-0.410090708,0.068476642,0.753763855,0.000000000,0.000000000,0.051288089,0.998683900
1782672357.865653038,181988.505096436,24299828,119123671,119123671,397078.903333333,1782672357797374,vicon_state_data,ball,1,0,3.034342432,0.186956936,1.268201528,0.000000000,0.000000000,0.000000000,1.000000000,1,-0.410105297,0.068485564,0.753771203,0.000000000,0.000000000,0.051263528,0.998685161
1782672357.879922867,181988.519366264,24299829,119123674,119123674,397078.913333333,1782672357807273,vicon_state_data,ball,1,0,3.023394970,0.186591330,1.273014408,0.000000000,0.000000000,0.000000000,1.000000000,1,-0.410093344,0.068468248,0.753762864,0.000000000,0.000000000,0.051293362,0.998683629
1782672357.889490604,181988.528934002,24299830,119123675,119123675,397078.916666667,1782672357810646,vicon_state_data,ball,1,0,3.019551397,0.185166850,1.275183969,0.000000000,0.000000000,0.000000000,1.000000000,1,-0.410744189,0.069083056,0.754033934,0.000000000,0.000000000,0.049105720,0.998793586
1782672357.901271582,181988.540714979,24299831,119123677,119123677,397078.923333333,1782672357817243,vicon_state_data,ball,1,0,3.011851918,0.183771108,1.278212762,0.000000000,0.000000000,0.000000000,1.000000000,1,-0.410742583,0.069082484,0.754025350,0.000000000,0.000000000,0.049102202,0.998793759
1782672357.914343119,181988.553786516,24299832,119123682,119123682,397078.940000000,1782672357834062,vicon_state_data,ball,1,0,2.992264988,0.180624369,1.283455241,0.000000000,0.000000000,0.000000000,1.000000000,1,-0.410382687,0.068483006,0.753654828,0.000000000,0.000000000,0.053116873,0.998588302
1782672357.925032854,181988.564476252,24299833,119123685,119123685,397078.950000000,1782672357843893,vicon_state_data,ball,1,0,2.954230630,0.179834547,1.301222839,0.000000000,0.000000000,0.000000000,1.000000000,1,-0.410053607,0.068452880,0.753805449,0.000000000,0.000000000,0.051210238,0.998687895
1782672357.934586525,181988.574029922,24299834,119123686,119123686,397078.953333333,1782672357847217,vicon_state_data,ball,1,0,2.941661991,0.179631107,1.306614868,0.000000000,0.000000000,0.000000000,1.000000000,1,-0.410060948,0.068464183,0.753807426,0.000000000,0.000000000,0.051267981,0.998684932
1782672357.943521500,181988.582964897,24299835,119123689,119123689,397078.963333333,1782672357857270,vicon_state_data,ball,1,0,2.903747836,0.178849454,1.322229519,0.000000000,0.000000000,0.000000000,1.000000000,1,-0.409797648,0.067966146,0.753035995,0.000000000,0.000000000,0.054176546,0.998531372
1782672357.952920914,181988.592364311,24299836,119123692,119123692,397078.973333333,1782672357867270,vicon_state_data,ball,1,0,2.865982167,0.178005083,1.337398894,0.000000000,0.000000000,0.000000000,1.000000000,1,-0.410801582,0.069080913,0.753980974,0.000000000,0.000000000,0.047659039,0.998863662
1782672357.962695837,181988.602139235,24299837,119123693,119123693,397078.976666667,1782672357870547,vicon_state_data,ball,1,0,2.853429185,0.177617033,1.342150313,0.000000000,0.000000000,0.000000000,1.000000000,1,-0.411365298,0.069631510,0.754251011,0.000000000,0.000000000,0.045608392,0.998959396
1782672357.971794844,181988.611238241,24299838,119123696,119123696,397078.986666667,1782672357880959,vicon_state_data,ball,1,0,2.815314740,0.176777849,1.355352459,0.000000000,0.000000000,0.000000000,1.000000000,1,-0.411188973,0.069682718,0.754325664,0.000000000,0.000000000,0.045724258,0.998954099
1782672357.980710745,181988.620154142,24299839,119123699,119123699,397078.996666667,1782672357890703,vicon_state_data,ball,1,0,2.777610979,0.175793357,1.366908411,0.000000000,0.000000000,0.000000000,1.000000000,1,-0.409916745,0.068124018,0.753224199,0.000000000,0.000000000,0.053454885,0.998570266
1782672357.989666700,181988.629110098,24299840,119123703,119123703,397079.010000000,1782672357903933,vicon_state_data,ball,1,0,2.727914303,0.173363734,1.380545644,0.000000000,0.000000000,0.000000000,1.000000000,1,-0.410032467,0.068439692,0.753818977,0.000000000,0.000000000,0.051273513,0.998684648
1782672357.998440266,181988.637883663,24299841,119123707,119123707,397079.023333333,1782672357917282,vicon_state_data,ball,1,0,2.678169510,0.172326741,1.393674308,0.000000000,0.000000000,0.000000000,1.000000000,1,-0.410059105,0.068458275,0.753792544,0.000000000,0.000000000,0.051172757,0.998689816
1782672358.007425070,181988.646868467,24299842,119123708,119123708,397079.026666667,1782672357920655,vicon_state_data,ball,1,0,2.665750612,0.172023701,1.396737806,0.000000000,0.000000000,0.000000000,1.000000000,1,-0.410053295,0.068463742,0.753785994,0.000000000,0.000000000,0.051351421,0.998680645
1782672358.019791603,181988.659235001,24299843,119123710,119123710,397079.033333333,1782672357927315,vicon_state_data,ball,1,0,2.640957536,0.171386100,1.402546117,0.000000000,0.000000000,0.000000000,1.000000000,1,-0.410085055,0.068459404,0.753780599,0.000000000,0.000000000,0.051171627,0.998689874
1782672358.028900623,181988.668344021,24299844,119123713,119123713,397079.043333333,1782672357937354,vicon_state_data,ball,1,0,2.603716880,0.170472214,1.410717910,0.000000000,0.000000000,0.000000000,1.000000000,1,-0.410111659,0.068491278,0.753778449,0.000000000,0.000000000,0.051128756,0.998692070
1782672358.037892103,181988.677335501,24299845,119123715,119123715,397079.050000000,1782672357943952,vicon_state_data,ball,1,0,2.578934779,0.169922106,1.415765850,0.000000000,0.000000000,0.000000000,1.000000000,1,-0.410098037,0.068494512,0.753783541,0.000000000,0.000000000,0.051227691,0.998687000
1782672358.047397137,181988.686840534,24299846,119123718,119123718,397079.060000000,1782672357954435,vicon_state_data,ball,1,0,2.541633785,0.169784588,1.422388863,0.000000000,0.000000000,0.000000000,1.000000000,1,-0.410092242,0.068480769,0.753760565,0.000000000,0.000000000,0.051284185,0.998684100
1782672358.060089111,181988.699532509,24299847,119123721,119123721,397079.070000000,1782672357963988,vicon_state_data,ball,1,0,2.504926717,0.168200121,1.427595216,0.000000000,0.000000000,0.000000000,1.000000000,1,-0.410724418,0.069037076,0.754005518,0.000000000,0.000000000,0.047641937,0.998864478
1782672358.069124460,181988.708567858,24299848,119123724,119123724,397079.080000000,1782672357973923,vicon_state_data,ball,1,0,2.468066336,0.167263176,1.431800230,0.000000000,0.000000000,0.000000000,1.000000000,1,-0.410446330,0.068760357,0.753802912,0.000000000,0.000000000,0.050254644,0.998736437
1782672358.079208136,181988.718651533,24299849,119123726,119123726,397079.086666667,1782672357980929,vicon_state_data,ball,1,0,2.443590450,0.166497397,1.434019847,0.000000000,0.000000000,0.000000000,1.000000000,1,-0.411437799,0.069599587,0.754281791,0.000000000,0.000000000,0.045776349,0.998951713
1782672358.088951349,181988.728394747,24299850,119123729,119123729,397079.096666667,1782672357990635,vicon_state_data,ball,1,0,2.406888438,0.165367712,1.436484883,0.000000000,0.000000000,0.000000000,1.000000000,1,-0.411189888,0.069698096,0.754351186,0.000000000,0.000000000,0.045750458,0.998952900
1782672358.100567579,181988.740010977,24299851,119123732,119123732,397079.106666667,1782672358000642,vicon_state_data,ball,1,0,2.370547469,0.164006062,1.437878178,0.000000000,0.000000000,0.000000000,1.000000000,1,-0.410736996,0.068996551,0.754065077,0.000000000,0.000000000,0.047885150,0.998852848
1782672358.113105774,181988.752549171,24299852,119123735,119123735,397079.116666667,1782672358010674,vicon_state_data,ball,1,0,2.334389338,0.162641690,1.438255209,0.000000000,0.000000000,0.000000000,1.000000000,1,-0.410382137,0.068729208,0.753861247,0.000000000,0.000000000,0.050287844,0.998734766
1782672358.122096777,181988.761540174,24299853,119123738,119123738,397079.126666667,1782672358020507,vicon_state_data,ball,1,0,2.298106386,0.162082994,1.437726110,0.000000000,0.000000000,0.000000000,1.000000000,1,-0.410404213,0.068736353,0.753834006,0.000000000,0.000000000,0.050252146,0.998736563
1782672358.132159710,181988.771603107,24299854,119123741,119123741,397079.136666667,1782672358030659,vicon_state_data,ball,1,0,2.262325910,0.160341907,1.436310809,0.000000000,0.000000000,0.000000000,1.000000000,1,-0.410045485,0.068452347,0.753811231,0.000000000,0.000000000,0.051330948,0.998681698
1782672358.141238689,181988.780682087,24299855,119123744,119123744,397079.146666667,1782672358040731,vicon_state_data,ball,1,0,2.226424507,0.159378564,1.433632843,0.000000000,0.000000000,0.000000000,1.000000000,1,-0.410062387,0.068475982,0.753792686,0.000000000,0.000000000,0.051360963,0.998680155
1782672358.150454998,181988.789898396,24299856,119123746,119123746,397079.153333333,1782672358047539,vicon_state_data,ball,1,0,2.202438354,0.158408264,1.431303661,0.000000000,0.000000000,0.000000000,1.000000000,1,-0.410075538,0.068477460,0.753775731,0.000000000,0.000000000,0.051340337,0.998681215
1782672358.159523487,181988.798966885,24299857,119123750,119123750,397079.166666667,1782672358061110,vicon_state_data,ball,1,0,2.154659967,0.156095162,1.425360000,0.000000000,0.000000000,0.000000000,1.000000000,1,-0.410094110,0.068489890,0.753753951,0.000000000,0.000000000,0.051336981,0.998681388
1782672358.168895006,181988.808338404,24299858,119123753,119123753,397079.176666667,1782672358070688,vicon_state_data,ball,1,0,2.119016601,0.154752178,1.419546467,0.000000000,0.000000000,0.000000000,1.000000000,1,-0.410107069,0.068479992,0.753757532,0.000000000,0.000000000,0.051190144,0.998688925
1782672358.180034399,181988.819477797,24299859,119123756,119123756,397079.186666667,1782672358080661,vicon_state_data,ball,1,0,2.083434857,0.153498377,1.412799551,0.000000000,0.000000000,0.000000000,1.000000000,1,-0.410102847,0.068486776,0.753764564,0.000000000,0.000000000,0.051223798,0.998687200
1782672358.190024614,181988.829468012,24299860,119123759,119123759,397079.196666667,1782672358091017,vicon_state_data,ball,1,0,2.048154910,0.151852563,1.404854635,0.000000000,0.000000000,0.000000000,1.000000000,1,-0.410100456,0.068488468,0.753768932,0.000000000,0.000000000,0.051240986,0.998686318
1782672358.199324846,181988.838768244,24299861,119123762,119123762,397079.206666667,1782672358100547,vicon_state_data,ball,1,0,2.013089434,0.150017967,1.396129128,0.000000000,0.000000000,0.000000000,1.000000000,1,-0.410079695,0.068474690,0.753747985,0.000000000,0.000000000,0.051229823,0.998686890
1782672358.208544970,181988.847988367,24299862,119123766,119123766,397079.220000000,1782672358113998,vicon_state_data,ball,1,0,1.966619390,0.147614409,1.383214959,0.000000000,0.000000000,0.000000000,1.000000000,1,-0.410090671,0.068475225,0.753753520,0.000000000,0.000000000,0.051200064,0.998688417
1782672358.217738867,181988.857182264,24299863,119123769,119123769,397079.230000000,1782672358124146,vicon_state_data,ball,1,0,1.931797163,0.146122791,1.372946332,0.000000000,0.000000000,0.000000000,1.000000000,1,-0.410088759,0.068484802,0.753773211,0.000000000,0.000000000,0.051236988,0.998686523
1782672358.226733685,181988.866177082,24299864,119123772,119123772,397079.240000000,1782672358133872,vicon_state_data,ball,1,0,1.897047452,0.144523549,1.361687408,0.000000000,0.000000000,0.000000000,1.000000000,1,-0.410724296,0.069032187,0.753994847,0.000000000,0.000000000,0.047662540,0.998863495
1782672358.236157656,181988.875601053,24299865,119123775,119123775,397079.250000000,1782672358143955,vicon_state_data,ball,1,0,1.862397096,0.143022670,1.349302828,0.000000000,0.000000000,0.000000000,1.000000000,1,-0.410671874,0.069013316,0.754035487,0.000000000,0.000000000,0.047697118,0.998861845
1782672358.245021582,181988.884464979,24299866,119123777,119123777,397079.256666667,1782672358150521,vicon_state_data,ball,1,0,1.839332452,0.141980057,1.340396261,0.000000000,0.000000000,0.000000000,1.000000000,1,-0.410552853,0.068482134,0.753123513,0.000000000,0.000000000,0.051152759,0.998690841
1782672358.255097151,181988.894540548,24299867,119123780,119123780,397079.266666667,1782672358160898,vicon_state_data,ball,1,0,1.804700108,0.140454653,1.326086620,0.000000000,0.000000000,0.000000000,1.000000000,1,-0.410766174,0.069041569,0.754000940,0.000000000,0.000000000,0.047555088,0.998868617
1782672358.264201641,181988.903645039,24299868,119123783,119123783,397079.276666667,1782672358170552,vicon_state_data,ball,1,0,1.770157145,0.138955950,1.310780428,0.000000000,0.000000000,0.000000000,1.000000000,1,-0.410307642,0.068491098,0.753761288,0.000000000,0.000000000,0.053362678,0.998575197
1782672358.273537636,181988.912981033,24299869,119123786,119123786,397079.286666667,1782672358180597,vicon_state_data,ball,1,0,1.735750191,0.137100917,1.294811222,0.000000000,0.000000000,0.000000000,1.000000000,1,-0.409877741,0.067894517,0.752897660,0.000000000,0.000000000,0.055150784,0.998478037
1782672358.283234596,181988.922677994,24299870,119123789,119123789,397079.296666667,1782672358190736,vicon_state_data,ball,1,0,1.701560577,0.135599744,1.277510473,0.000000000,0.000000000,0.000000000,1.000000000,1,-0.409919033,0.067886894,0.752841019,0.000000000,0.000000000,0.055072412,0.998482363
1782672358.296011448,181988.935454845,24299871,119123792,119123792,397079.306666667,1782672358201461,vicon_state_data,ball,1,0,1.667721613,0.133680709,1.259149193,0.000000000,0.000000000,0.000000000,1.000000000,1,-0.410141757,0.068533314,0.753757678,0.000000000,0.000000000,0.051272014,0.998684725
1782672358.306087971,181988.945531368,24299872,119123795,119123795,397079.316666667,1782672358211112,vicon_state_data,ball,1,0,1.634036670,0.131745310,1.239991612,0.000000000,0.000000000,0.000000000,1.000000000,1,-0.410180447,0.068540115,0.753738235,0.000000000,0.000000000,0.051112949,0.998692879
1782672358.321276903,181988.960720301,24299873,119123798,119123798,397079.326666667,1782672358220962,vicon_state_data,ball,1,0,1.600318105,0.130279460,1.220058762,0.000000000,0.000000000,0.000000000,1.000000000,1,-0.410121351,0.068509659,0.753756322,0.000000000,0.000000000,0.051274291,0.998684608
1782672358.332368135,181988.971811533,24299874,119123800,119123800,397079.333333333,1782672358227658,vicon_state_data,ball,1,0,1.577945520,0.129257561,1.206007999,0.000000000,0.000000000,0.000000000,1.000000000,1,-0.410103115,0.068505092,0.753747138,0.000000000,0.000000000,0.051203264,0.998688253
1782672358.342764616,181988.982208014,24299875,119123803,119123803,397079.343333333,1782672358237276,vicon_state_data,ball,1,0,1.544376242,0.127692361,1.184244411,0.000000000,0.000000000,0.000000000,1.000000000,1,-0.410092085,0.068484913,0.753749024,0.000000000,0.000000000,0.051261963,0.998685241
1782672358.354537010,181988.993980408,24299876,119123806,119123806,397079.353333333,1782672358247383,vicon_state_data,ball,1,0,1.510809718,0.125791382,1.161515201,0.000000000,0.000000000,0.000000000,1.000000000,1,-0.410096221,0.068492914,0.753766823,0.000000000,0.000000000,0.051189128,0.998688977
1782672358.363917828,181989.003361225,24299877,119123809,119123809,397079.363333333,1782672358257315,vicon_state_data,ball,1,0,1.477441296,0.123461910,1.138035024,0.000000000,0.000000000,0.000000000,1.000000000,1,-0.410115141,0.068485818,0.753766801,0.000000000,0.000000000,0.051111485,0.998692954
1782672358.375315666,181989.014759064,24299878,119123812,119123812,397079.373333333,1782672358267326,vicon_state_data,ball,1,0,1.444212375,0.121738115,1.113411485,0.000000000,0.000000000,0.000000000,1.000000000,1,-0.410088724,0.068491403,0.753778004,0.000000000,0.000000000,0.051228662,0.998686950
1782672358.386745453,181989.026188850,24299879,119123814,119123814,397079.380000000,1782672358274190,vicon_state_data,ball,1,0,1.422163133,0.120605639,1.096336913,0.000000000,0.000000000,0.000000000,1.000000000,1,-0.410091485,0.068477211,0.753747504,0.000000000,0.000000000,0.051171990,0.998689855
1782672358.398857117,181989.038300514,24299880,119123817,119123817,397079.390000000,1782672358283989,vicon_state_data,ball,1,0,1.389106800,0.119035864,1.070543249,0.000000000,0.000000000,0.000000000,1.000000000,1,-0.410094273,0.068503293,0.753763061,0.000000000,0.000000000,0.051266416,0.998685013
1782672358.408913851,181989.048357248,24299881,119123821,119123821,397079.403333333,1782672358297191,vicon_state_data,ball,1,0,1.345500413,0.116535162,1.034696576,0.000000000,0.000000000,0.000000000,1.000000000,1,-0.410109832,0.068486175,0.753766071,0.000000000,0.000000000,0.051195165,0.998688668
1782672358.420713663,181989.060157061,24299882,119123824,119123824,397079.413333333,1782672358307446,vicon_state_data,ball,1,0,1.313104325,0.114543171,1.006733745,0.000000000,0.000000000,0.000000000,1.000000000,1,-0.410107342,0.068490315,0.753758736,0.000000000,0.000000000,0.051190444,0.998688910
1782672358.432712555,181989.072155952,24299883,119123829,119123829,397079.430000000,1782672358323945,vicon_state_data,ball,1,0,1.259518651,0.110862927,0.958707988,0.000000000,0.000000000,0.000000000,1.000000000,1,-0.410095754,0.068489365,0.753769914,0.000000000,0.000000000,0.051211979,0.998687806
1782672358.443125010,181989.082568407,24299884,119123832,119123832,397079.440000000,1782672358333874,vicon_state_data,ball,1,0,1.227727978,0.108550170,0.928012816,0.000000000,0.000000000,0.000000000,1.000000000,1,-0.410106968,0.068495790,0.753752789,0.000000000,0.000000000,0.051248501,0.998685932
1782672358.460973501,181989.100416899,24299885,119123835,119123835,397079.450000000,1782672358344170,vicon_state_data,ball,1,0,1.195788309,0.106730713,0.896950119,0.000000000,0.000000000,0.000000000,1.000000000,1,-0.410096108,0.068478145,0.753760147,0.000000000,0.000000000,0.051277438,0.998684447
1782672358.474636793,181989.114080191,24299886,119123839,119123839,397079.463333333,1782672358357264,vicon_state_data,ball,1,0,1.153293481,0.104311351,0.853889780,0.000000000,0.000000000,0.000000000,1.000000000,1,-0.410089057,0.068483794,0.753769720,0.000000000,0.000000000,0.051257221,0.998685485
1782672358.485640764,181989.125084162,24299887,119123841,119123841,397079.470000000,1782672358364042,vicon_state_data,ball,1,0,1.132043773,0.103136635,0.831721461,0.000000000,0.000000000,0.000000000,1.000000000,1,-0.410099995,0.068474699,0.753754499,0.000000000,0.000000000,0.051242646,0.998686233
1782672358.500784636,181989.140228033,24299888,119123845,119123845,397079.483333333,1782672358377349,vicon_state_data,ball,1,0,1.089798301,0.100546165,0.786261805,0.000000000,0.000000000,0.000000000,1.000000000,1,-0.410097599,0.068489604,0.753767934,0.000000000,0.000000000,0.051248523,0.998685931
1782672358.507539988,181989.146983385,24299889,119123848,119123848,397079.493333333,1782672358387263,vicon_state_data,ball,1,0,1.060243655,0.098404383,0.767268949,0.000000000,0.000000000,0.000000000,1.000000000,1,-0.410104520,0.068489078,0.753759030,0.000000000,0.000000000,0.051180363,0.998689426
1782672358.516697884,181989.156141281,24299890,119123852,119123852,397079.506666667,1782672358400740,vicon_state_data,ball,1,0,1.029004087,0.095752032,0.809000320,0.000000000,0.000000000,0.000000000,1.000000000,1,-0.410092389,0.068482315,0.753781418,0.000000000,0.000000000,0.051342057,0.998681127
1782672358.523208380,181989.162651777,24299891,119123855,119123855,397079.516666667,1782672358410668,vicon_state_data,ball,1,0,1.005502708,0.094891163,0.839260052,0.000000000,0.000000000,0.000000000,1.000000000,1,-0.410103160,0.068484873,0.753774147,0.000000000,0.000000000,0.051222284,0.998687277
1782672358.532117844,181989.171561241,24299892,119123859,119123859,397079.530000000,1782672358424126,vicon_state_data,ball,1,0,0.974237697,0.093182779,0.877672921,0.000000000,0.000000000,0.000000000,1.000000000,1,-0.410093125,0.068477796,0.753766770,0.000000000,0.000000000,0.051336885,0.998681393
1782672358.541717529,181989.181160927,24299893,119123862,119123862,397079.540000000,1782672358434202,vicon_state_data,ball,1,0,0.951087164,0.090882777,0.905363682,0.000000000,0.000000000,0.000000000,1.000000000,1,-0.410108754,0.068475961,0.753775202,0.000000000,0.000000000,0.051186216,0.998689126
1782672358.549692631,181989.189136028,24299894,119123865,119123865,397079.550000000,1782672358444066,vicon_state_data,ball,1,0,0.927934449,0.089105937,0.931870352,0.000000000,0.000000000,0.000000000,1.000000000,1,-0.410102077,0.068477266,0.753773536,0.000000000,0.000000000,0.051270762,0.998684790
1782672358.560916185,181989.200359583,24299895,119123871,119123871,397079.570000000,1782672358463900,vicon_state_data,ball,1,0,0.880904455,0.086504918,0.981308659,0.000000000,0.000000000,0.000000000,1.000000000,1,-0.410105663,0.068482743,0.753770960,0.000000000,0.000000000,0.051203873,0.998688221
1782672358.567996979,181989.207440376,24299896,119123875,119123875,397079.583333333,1782672358477441,vicon_state_data,ball,1,0,0.850286894,0.083906012,1.011515749,0.000000000,0.000000000,0.000000000,1.000000000,1,-0.410085536,0.068472177,0.753764619,0.000000000,0.000000000,0.051255134,0.998685592
1782672358.577888727,181989.217332125,24299897,119123878,119123878,397079.593333333,1782672358487661,vicon_state_data,ball,1,0,0.827215155,0.083011758,1.033051601,0.000000000,0.000000000,0.000000000,1.000000000,1,-0.410107371,0.068488893,0.753770207,0.000000000,0.000000000,0.051236990,0.998686523
1782672358.584251642,181989.223695040,24299898,119123883,119123883,397079.610000000,1782672358504068,vicon_state_data,ball,1,0,0.788681106,0.081303202,1.066338369,0.000000000,0.000000000,0.000000000,1.000000000,1,-0.410094403,0.068476415,0.753766423,0.000000000,0.000000000,0.051324012,0.998682054
1782672358.591446161,181989.230889559,24299899,119123885,119123885,397079.616666667,1782672358510674,vicon_state_data,ball,1,0,0.773485950,0.079761847,1.078927406,0.000000000,0.000000000,0.000000000,1.000000000,1,-0.410096968,0.068480917,0.753770513,0.000000000,0.000000000,0.051214850,0.998687658
1782672358.601604700,181989.241048098,24299900,119123887,119123887,397079.623333333,1782672358517329,vicon_state_data,ball,1,0,0.758311081,0.078491348,1.090991298,0.000000000,0.000000000,0.000000000,1.000000000,1,-0.410085931,0.068464401,0.753774928,0.000000000,0.000000000,0.051220629,0.998687362
1782672358.607989311,181989.247432709,24299901,119123889,119123889,397079.630000000,1782672358523951,vicon_state_data,ball,1,0,0.743046745,0.077470083,1.102595706,0.000000000,0.000000000,0.000000000,1.000000000,1,-0.410103783,0.068487846,0.753788657,0.000000000,0.000000000,0.051231618,0.998686798
1782672358.616807461,181989.256250858,24299902,119123892,119123892,397079.640000000,1782672358533875,vicon_state_data,ball,1,0,0.719758591,0.076463385,1.119109317,0.000000000,0.000000000,0.000000000,1.000000000,1,-0.410107090,0.068475353,0.753791790,0.000000000,0.000000000,0.051252257,0.998685739
1782672358.624185085,181989.263628483,24299903,119123895,119123895,397079.650000000,1782672358543903,vicon_state_data,ball,1,0,0.696795110,0.074872811,1.134447913,0.000000000,0.000000000,0.000000000,1.000000000,1,-0.410094059,0.068486881,0.753788092,0.000000000,0.000000000,0.051317061,0.998682412
1782672358.632241011,181989.271684408,24299904,119123897,119123897,397079.656666667,1782672358550699,vicon_state_data,ball,1,0,0.681705258,0.073441885,1.144113037,0.000000000,0.000000000,0.000000000,1.000000000,1,-0.410092296,0.068489769,0.753778643,0.000000000,0.000000000,0.051289712,0.998683817
1782672358.639928818,181989.279372215,24299905,119123901,119123901,397079.670000000,1782672358564099,vicon_state_data,ball,1,0,0.651685683,0.071715281,1.162045614,0.000000000,0.000000000,0.000000000,1.000000000,1,-0.410106069,0.068471955,0.753763283,0.000000000,0.000000000,0.051248161,0.998685950
1782672358.646420956,181989.285864353,24299906,119123903,119123903,397079.676666667,1782672358570704,vicon_state_data,ball,1,0,0.636401214,0.071235773,1.170207145,0.000000000,0.000000000,0.000000000,1.000000000,1,-0.410097812,0.068483726,0.753762266,0.000000000,0.000000000,0.051279217,0.998684355
1782672358.657363653,181989.296807051,24299907,119123906,119123906,397079.686666667,1782672358580545,vicon_state_data,ball,1,0,0.613729131,0.070058971,1.181623192,0.000000000,0.000000000,0.000000000,1.000000000,1,-0.410102478,0.068492330,0.753782653,0.000000000,0.000000000,0.051243437,0.998686192
1782672358.664515018,181989.303958416,24299908,119123908,119123908,397079.693333333,1782672358587223,vicon_state_data,ball,1,0,0.598779590,0.068538594,1.188739241,0.000000000,0.000000000,0.000000000,1.000000000,1,-0.410102780,0.068476601,0.753784408,0.000000000,0.000000000,0.051305369,0.998683012
1782672358.673393726,181989.312837124,24299909,119123910,119123910,397079.700000000,1782672358594054,vicon_state_data,ball,1,0,0.583866506,0.066990114,1.195367743,0.000000000,0.000000000,0.000000000,1.000000000,1,-0.410087035,0.068479282,0.753773033,0.000000000,0.000000000,0.051323500,0.998682081
1782672358.681643248,181989.321086645,24299910,119123913,119123913,397079.710000000,1782672358604349,vicon_state_data,ball,1,0,0.561279649,0.065392301,1.204491136,0.000000000,0.000000000,0.000000000,1.000000000,1,-0.410094668,0.068476966,0.753761727,0.000000000,0.000000000,0.051271183,0.998684768
1782672358.687901974,181989.327345371,24299911,119123915,119123915,397079.716666667,1782672358610841,vicon_state_data,ball,1,0,0.546011070,0.064703711,1.209993998,0.000000000,0.000000000,0.000000000,1.000000000,1,-0.410092323,0.068477991,0.753769648,0.000000000,0.000000000,0.051185479,0.998689164
1782672358.694262505,181989.333705902,24299912,119123917,119123917,397079.723333333,1782672358617180,vicon_state_data,ball,1,0,0.530810358,0.064046441,1.215064244,0.000000000,0.000000000,0.000000000,1.000000000,1,-0.410086915,0.068490240,0.753776479,0.000000000,0.000000000,0.051325265,0.998681990
1782672358.700504303,181989.339947701,24299913,119123920,119123920,397079.733333333,1782672358627275,vicon_state_data,ball,1,0,0.508388941,0.061856565,1.221467322,0.000000000,0.000000000,0.000000000,1.000000000,1,-0.410092958,0.068472122,0.753776111,0.000000000,0.000000000,0.051352677,0.998680581
1782672358.706966162,181989.346409559,24299914,119123922,119123922,397079.740000000,1782672358633945,vicon_state_data,ball,1,0,0.493747186,0.060596569,1.225288191,0.000000000,0.000000000,0.000000000,1.000000000,1,-0.410085537,0.068484502,0.753779486,0.000000000,0.000000000,0.051293268,0.998683634
1782672358.713890553,181989.353333950,24299915,119123924,119123924,397079.746666667,1782672358640545,vicon_state_data,ball,1,0,0.478960464,0.059883089,1.228779182,0.000000000,0.000000000,0.000000000,1.000000000,1,-0.410094390,0.068485527,0.753778000,0.000000000,0.000000000,0.051262581,0.998685210
1782672358.720667601,181989.360110998,24299916,119123926,119123926,397079.753333333,1782672358647229,vicon_state_data,ball,1,0,0.464026985,0.059362042,1.231673452,0.000000000,0.000000000,0.000000000,1.000000000,1,-0.410101401,0.068495238,0.753779831,0.000000000,0.000000000,0.051237453,0.998686499
1782672358.727334738,181989.366778135,24299917,119123930,119123930,397079.766666667,1782672358660866,vicon_state_data,ball,1,0,0.434297918,0.057847497,1.236119256,0.000000000,0.000000000,0.000000000,1.000000000,1,-0.410090911,0.068492026,0.753772543,0.000000000,0.000000000,0.051268650,0.998684898
1782672358.735446215,181989.374889612,24299918,119123932,119123932,397079.773333333,1782672358667438,vicon_state_data,ball,1,0,0.419632076,0.056297338,1.237718457,0.000000000,0.000000000,0.000000000,1.000000000,1,-0.410095045,0.068500147,0.753786351,0.000000000,0.000000000,0.051283277,0.998684147
1782672358.746558666,181989.386002064,24299919,119123934,119123934,397079.780000000,1782672358673918,vicon_state_data,ball,1,0,0.405007754,0.054720687,1.238911834,0.000000000,0.000000000,0.000000000,1.000000000,1,-0.410107462,0.068472789,0.753777140,0.000000000,0.000000000,0.051171431,0.998689884
1782672358.759521961,181989.398965359,24299920,119123937,119123937,397079.790000000,1782672358684017,vicon_state_data,ball,1,0,0.382852710,0.053249464,1.239831874,0.000000000,0.000000000,0.000000000,1.000000000,1,-0.410093559,0.068496768,0.753781052,0.000000000,0.000000000,0.051262608,0.998685208
1782672358.769496202,181989.408939600,24299921,119123939,119123939,397079.796666667,1782672358691262,vicon_state_data,ball,1,0,0.367902811,0.052541909,1.239853127,0.000000000,0.000000000,0.000000000,1.000000000,1,-0.410104812,0.068482503,0.753774804,0.000000000,0.000000000,0.051146733,0.998691149
1782672358.784198046,181989.423641443,24299922,119123940,119123940,397079.800000000,1782672358694444,vicon_state_data,ball,1,0,0.360420431,0.052208982,1.239763331,0.000000000,0.000000000,0.000000000,1.000000000,1,-0.410105492,0.068497943,0.753776238,0.000000000,0.000000000,0.051165393,0.998690194
1782672358.799269199,181989.438712597,24299923,119123942,119123942,397079.806666667,1782672358700810,vicon_state_data,ball,1,0,0.345623488,0.051074569,1.238964826,0.000000000,0.000000000,0.000000000,1.000000000,1,-0.410090251,0.068494189,0.753764262,0.000000000,0.000000000,0.051221812,0.998687301
1782672358.808943510,181989.448386908,24299924,119123944,119123944,397079.813333333,1782672358707595,vicon_state_data,ball,1,0,0.331061656,0.049491317,1.237814609,0.000000000,0.000000000,0.000000000,1.000000000,1,-0.410103046,0.068484232,0.753784034,0.000000000,0.000000000,0.051140047,0.998691492
1782672358.818699598,181989.458142996,24299925,119123946,119123946,397079.820000000,1782672358713958,vicon_state_data,ball,1,0,0.316711325,0.048277691,1.236139976,0.000000000,0.000000000,0.000000000,1.000000000,1,-0.410104820,0.068483569,0.753772913,0.000000000,0.000000000,0.051187970,0.998689037
1782672358.828351021,181989.467794418,24299926,119123948,119123948,397079.826666667,1782672358720849,vicon_state_data,ball,1,0,0.302262204,0.047562273,1.234341361,0.000000000,0.000000000,0.000000000,1.000000000,1,-0.410098315,0.068474522,0.753764807,0.000000000,0.000000000,0.051212398,0.998687784
1782672358.841299772,181989.480743170,24299927,119123950,119123950,397079.833333333,1782672358727643,vicon_state_data,ball,1,0,0.287635671,0.047096947,1.231805149,0.000000000,0.000000000,0.000000000,1.000000000,1,-0.410098281,0.068485691,0.753784950,0.000000000,0.000000000,0.051245590,0.998686082
1782672358.851131201,181989.490574598,24299928,119123953,119123953,397079.843333333,1782672358737472,vicon_state_data,ball,1,0,0.265815941,0.045890614,1.227273127,0.000000000,0.000000000,0.000000000,1.000000000,1,-0.410096691,0.068475076,0.753757958,0.000000000,0.000000000,0.051238857,0.998686427
1782672358.864340305,181989.503783703,24299929,119123956,119123956,397079.853333333,1782672358747266,vicon_state_data,ball,1,0,0.244280413,0.043553087,1.221850076,0.000000000,0.000000000,0.000000000,1.000000000,1,-0.410106830,0.068479133,0.753762517,0.000000000,0.000000000,0.051202966,0.998688268
1782672358.878817081,181989.518260479,24299930,119123960,119123960,397079.866666667,1782672358760885,vicon_state_data,ball,1,0,0.215577023,0.040831001,1.213094641,0.000000000,0.000000000,0.000000000,1.000000000,1,-0.410102271,0.068493956,0.753780233,0.000000000,0.000000000,0.051291049,0.998683748
1782672358.888684750,181989.528128147,24299931,119123963,119123963,397079.876666667,1782672358770782,vicon_state_data,ball,1,0,0.193595804,0.039709712,1.205314498,0.000000000,0.000000000,0.000000000,1.000000000,1,-0.410098229,0.068492786,0.753773872,0.000000000,0.000000000,0.051243040,0.998686212
1782672358.906828403,181989.546271801,24299932,119123968,119123968,397079.893333333,1782672358787319,vicon_state_data,ball,1,0,0.157611025,0.036431366,1.190060107,0.000000000,0.000000000,0.000000000,1.000000000,1,-0.410098903,0.068494211,0.753762012,0.000000000,0.000000000,0.051206030,0.998688111
1782672358.922531366,181989.561974764,24299933,119123972,119123972,397079.906666667,1782672358800750,vicon_state_data,ball,1,0,0.129654744,0.034465347,1.176024859,0.000000000,0.000000000,0.000000000,1.000000000,1,-0.410110141,0.068503136,0.753779428,0.000000000,0.000000000,0.051231364,0.998686811
1782672358.937031507,181989.576474905,24299934,119123975,119123975,397079.916666667,1782672358810631,vicon_state_data,ball,1,0,0.108159891,0.033580300,1.164134277,0.000000000,0.000000000,0.000000000,1.000000000,1,-0.410102949,0.068475806,0.753766742,0.000000000,0.000000000,0.051182350,0.998689325
1782672358.947274208,181989.586717606,24299935,119123978,119123978,397079.926666667,1782672358820676,vicon_state_data,ball,1,0,0.087103595,0.031944782,1.151501201,0.000000000,0.000000000,0.000000000,1.000000000,1,-0.410100713,0.068480458,0.753752846,0.000000000,0.000000000,0.051322273,0.998682144
1782672358.959079266,181989.598522663,24299936,119123981,119123981,397079.936666667,1782672358830759,vicon_state_data,ball,1,0,0.066057351,0.029246505,1.137923393,0.000000000,0.000000000,0.000000000,1.000000000,1,-0.410103776,0.068489105,0.753776739,0.000000000,0.000000000,0.051266825,0.998684992
1782672358.969610214,181989.609053612,24299937,119123985,119123985,397079.950000000,1782672358844256,vicon_state_data,ball,1,0,0.038098841,0.026887746,1.118336882,0.000000000,0.000000000,0.000000000,1.000000000,1,-0.410101475,0.068481451,0.753768733,0.000000000,0.000000000,0.051162154,0.998690359
1782672358.983360291,181989.622803688,24299938,119123988,119123988,397079.960000000,1782672358853945,vicon_state_data,ball,1,0,0.016602161,0.025858610,1.102404786,0.000000000,0.000000000,0.000000000,1.000000000,1,-0.410098008,0.068484536,0.753767510,0.000000000,0.000000000,0.051370303,0.998679674
1782672358.993351936,181989.632795334,24299939,119123992,119123992,397079.973333333,1782672358867396,vicon_state_data,ball,1,0,-0.011125407,0.022831103,1.079473553,0.000000000,0.000000000,0.000000000,1.000000000,1,-0.410100634,0.068478271,0.753766237,0.000000000,0.000000000,0.051283167,0.998684153
1782672359.091553688,181989.730997086,24299940,119123996,119123996,397079.986666667,1782672358880522,vicon_state_data,ball,1,0,-0.038069471,0.020848716,1.055265824,0.000000000,0.000000000,0.000000000,1.000000000,1,-0.410097239,0.068485716,0.753767869,0.000000000,0.000000000,0.051237356,0.998686504
1782672359.101401806,181989.740845203,24299941,119123999,119123999,397079.996666667,1782672358890469,vicon_state_data,ball,1,0,-0.058773195,0.019939349,1.035664922,0.000000000,0.000000000,0.000000000,1.000000000,1,-0.410104471,0.068482324,0.753765064,0.000000000,0.000000000,0.051275914,0.998684525
1782672359.109730244,181989.749173641,24299942,119124004,119124004,397080.013333333,1782672358907582,vicon_state_data,ball,1,0,-0.092888923,0.016443504,1.001261878,0.000000000,0.000000000,0.000000000,1.000000000,1,-0.410085006,0.068487931,0.753779542,0.000000000,0.000000000,0.051386918,0.998678820
1782672359.118141890,181989.757585287,24299943,119124009,119124009,397080.030000000,1782672358924012,vicon_state_data,ball,1,0,-0.126526833,0.012987933,0.964249374,0.000000000,0.000000000,0.000000000,1.000000000,1,-0.410115044,0.068477957,0.753771605,0.000000000,0.000000000,0.051138238,0.998691584
1782672359.134392738,181989.773836136,24299944,119124013,119124013,397080.043333333,1782672358937661,vicon_state_data,ball,1,0,-0.154161371,0.011381383,0.932621545,0.000000000,0.000000000,0.000000000,1.000000000,1,-0.410093825,0.068483754,0.753769494,0.000000000,0.000000000,0.051254875,0.998685605
1782672359.149596214,181989.789039612,24299945,119124016,119124016,397080.053333333,1782672358947315,vicon_state_data,ball,1,0,-0.174011859,0.008985982,0.907693038,0.000000000,0.000000000,0.000000000,1.000000000,1,-0.410093625,0.068474582,0.753774821,0.000000000,0.000000000,0.051241730,0.998686280
1782672359.164453030,181989.803896427,24299946,119124020,119124020,397080.066666667,1782672358960676,vicon_state_data,ball,1,0,-0.199799501,0.006947144,0.873429497,0.000000000,0.000000000,0.000000000,1.000000000,1,-0.410087381,0.068478584,0.753777635,0.000000000,0.000000000,0.051288317,0.998683888
1782672359.176750898,181989.816194296,24299947,119124023,119124023,397080.076666667,1782672358970685,vicon_state_data,ball,1,0,-0.219795534,0.005797475,0.846296823,0.000000000,0.000000000,0.000000000,1.000000000,1,-0.410100898,0.068483191,0.753766553,0.000000000,0.000000000,0.051137604,0.998691617
1782672359.188460588,181989.827903986,24299948,119124027,119124027,397080.090000000,1782672358984088,vicon_state_data,ball,1,0,-0.246244362,0.003182464,0.808879616,0.000000000,0.000000000,0.000000000,1.000000000,1,-0.410092036,0.068487137,0.753778602,0.000000000,0.000000000,0.051180853,0.998689401
1782672359.199016333,181989.838459730,24299949,119124030,119124030,397080.100000000,1782672358994034,vicon_state_data,ball,1,0,-0.265227800,0.000627567,0.779989245,0.000000000,0.000000000,0.000000000,1.000000000,1,-0.410109537,0.068487607,0.753784430,0.000000000,0.000000000,0.051209149,0.998687951
1782672359.207904816,181989.847348213,24299950,119124060,119124060,397080.200000000,1782672359094182,vicon_state_data,ball,1,0,-0.209462846,0.123202193,0.727625437,0.000000000,0.000000000,0.000000000,1.000000000,1,-0.410048055,0.068439493,0.753809714,0.000000000,0.000000000,0.051330407,0.998681726
1782672359.221264362,181989.860707760,24299951,119124063,119124063,397080.210000000,1782672359104030,vicon_state_data,ball,1,0,-0.190587648,0.143343193,0.733218549,0.000000000,0.000000000,0.000000000,1.000000000,1,-0.410101378,0.068451888,0.753776977,0.000000000,0.000000000,0.051136636,0.998691666
1782672359.239195347,181989.878638744,24299952,119124065,119124065,397080.216666667,1782672359111000,vicon_state_data,ball,1,0,-0.178314279,0.156641365,0.736154008,0.000000000,0.000000000,0.000000000,1.000000000,1,-0.410102402,0.068452179,0.753777354,0.000000000,0.000000000,0.051228412,0.998686963
1782672359.258117676,181989.897561073,24299953,119124068,119124068,397080.226666667,1782672359120550,vicon_state_data,ball,1,0,-0.159938251,0.176606736,0.739702222,0.000000000,0.000000000,0.000000000,1.000000000,1,-0.410097203,0.068462175,0.753771060,0.000000000,0.000000000,0.051265067,0.998685082
1782672359.270222902,181989.909666300,24299954,119124073,119124073,397080.243333333,1782672359137452,vicon_state_data,ball,1,0,-0.128992718,0.210119350,0.743386313,0.000000000,0.000000000,0.000000000,1.000000000,1,-0.410091447,0.068472820,0.753775798,0.000000000,0.000000000,0.051293756,0.998683609
1782672359.282285929,181989.921729326,24299955,119124077,119124077,397080.256666667,1782672359150731,vicon_state_data,ball,1,0,-0.103339657,0.235778259,0.744721815,0.000000000,0.000000000,0.000000000,1.000000000,1,-0.410106159,0.068482755,0.753767111,0.000000000,0.000000000,0.051155949,0.998690677
1782672359.293765545,181989.933208942,24299956,119124082,119124082,397080.273333333,1782672359167179,vicon_state_data,ball,1,0,-0.071725377,0.267682295,0.743734632,0.000000000,0.000000000,0.000000000,1.000000000,1,-0.410109080,0.068498886,0.753778837,0.000000000,0.000000000,0.051253031,0.998685700
1782672359.309226274,181989.948669672,24299957,119124085,119124085,397080.283333333,1782672359177367,vicon_state_data,ball,1,0,-0.053077652,0.286627161,0.741789382,0.000000000,0.000000000,0.000000000,1.000000000,1,-0.410097825,0.068501152,0.753778338,0.000000000,0.000000000,0.051197980,0.998688523
1782672359.324933529,181989.964376926,24299958,119124089,119124089,397080.296666667,1782672359190613,vicon_state_data,ball,1,0,-0.028529553,0.312765472,0.737114314,0.000000000,0.000000000,0.000000000,1.000000000,1,-0.410085244,0.068494323,0.753760112,0.000000000,0.000000000,0.051289312,0.998683837
1782672359.333450556,181989.972893953,24299959,119124092,119124092,397080.306666667,1782672359201113,vicon_state_data,ball,1,0,-0.010503412,0.332257190,0.732410716,0.000000000,0.000000000,0.000000000,1.000000000,1,-0.410095468,0.068504633,0.753763377,0.000000000,0.000000000,0.051171526,0.998689879
1782672359.344761848,181989.984205246,24299960,119124095,119124095,397080.316666667,1782672359211078,vicon_state_data,ball,1,0,0.007854672,0.351509835,0.727354431,0.000000000,0.000000000,0.000000000,1.000000000,1,-0.410099262,0.068487255,0.753769555,0.000000000,0.000000000,0.051232248,0.998686766
1782672359.352743864,181989.992187262,24299961,119124099,119124099,397080.330000000,1782672359224054,vicon_state_data,ball,1,0,0.032694066,0.376796997,0.718811017,0.000000000,0.000000000,0.000000000,1.000000000,1,-0.410097492,0.068503819,0.753771419,0.000000000,0.000000000,0.051238853,0.998686427
1782672359.364664793,181990.004108191,24299962,119124104,119124104,397080.346666667,1782672359240653,vicon_state_data,ball,1,0,0.063294148,0.407822454,0.706172087,0.000000000,0.000000000,0.000000000,1.000000000,1,-0.410109008,0.068488313,0.753760925,0.000000000,0.000000000,0.051172058,0.998689852
1782672359.372626066,181990.012069464,24299963,119124110,119124110,397080.366666667,1782672359260764,vicon_state_data,ball,1,0,0.098511057,0.446459008,0.686567292,0.000000000,0.000000000,0.000000000,1.000000000,1,-0.410092244,0.068490377,0.753774734,0.000000000,0.000000000,0.051288495,0.998683879
1782672359.383716822,181990.023160219,24299964,119124113,119124113,397080.376666667,1782672359270636,vicon_state_data,ball,1,0,0.115725298,0.465116495,0.675223364,0.000000000,0.000000000,0.000000000,1.000000000,1,-0.410107695,0.068489134,0.753778161,0.000000000,0.000000000,0.051211676,0.998687821
1782672359.391722441,181990.031165838,24299965,119124117,119124117,397080.390000000,1782672359283930,vicon_state_data,ball,1,0,0.139163520,0.490328992,0.658177276,0.000000000,0.000000000,0.000000000,1.000000000,1,-0.410105108,0.068495774,0.753780384,0.000000000,0.000000000,0.051234026,0.998686675
1782672359.406507730,181990.045951128,24299966,119124120,119124120,397080.400000000,1782672359294339,vicon_state_data,ball,1,0,0.165591982,0.508358918,0.641298730,0.000000000,0.000000000,0.000000000,1.000000000,1,-0.410103892,0.068489679,0.753767334,0.000000000,0.000000000,0.051286181,0.998683998
1782672359.416922808,181990.056366205,24299967,119124125,119124125,397080.416666667,1782672359311013,vicon_state_data,ball,1,0,0.191033634,0.542602764,0.620536511,0.000000000,0.000000000,0.000000000,1.000000000,1,-0.410814685,0.068990744,0.754036440,0.000000000,0.000000000,0.047811923,0.998856356
1782672359.430404902,181990.069848299,24299968,119124130,119124130,397080.433333333,1782672359327387,vicon_state_data,ball,1,0,0.220264305,0.573627716,0.592844431,0.000000000,0.000000000,0.000000000,1.000000000,1,-0.411437272,0.069603426,0.754273597,0.000000000,0.000000000,0.045656851,0.998957182
1782672359.443780422,181990.083223820,24299969,119124132,119124132,397080.440000000,1782672359334044,vicon_state_data,ball,1,0,0.229727582,0.587093554,0.583872051,0.000000000,0.000000000,0.000000000,1.000000000,1,-0.410725440,0.068986388,0.754039638,0.000000000,0.000000000,0.047702961,0.998861566
1782672359.453424215,181990.092867613,24299970,119124136,119124136,397080.453333333,1782672359347369,vicon_state_data,ball,1,0,0.260058964,0.607068939,0.554287395,0.000000000,0.000000000,0.000000000,1.000000000,1,-0.410718043,0.068990700,0.754042995,0.000000000,0.000000000,0.047657432,0.998863739
1782672359.464655876,181990.104099274,24299971,119124138,119124138,397080.460000000,1782672359354282,vicon_state_data,ball,1,0,0.271570401,0.619334179,0.541610080,0.000000000,0.000000000,0.000000000,1.000000000,1,-0.410739625,0.068987139,0.754028636,0.000000000,0.000000000,0.047671865,0.998863050
