host_time_s,elapsed_s,frame_number,channel,name,ball_valid,ball_occluded,ball_x_m,ball_y_m,ball_z_m,ball_qx,ball_qy,ball_qz,ball_qw,base_valid,base_x_m,base_y_m,base_z_m,base_qx,base_qy,base_qz,base_qw,clean_segment_id
1782463476.071963549,18.236660719,5045,vicon_state_data,ball,1,0,-0.398069975,0.381243337,1.196055748,0.000000000,0.000000000,0.000000000,1.000000000,1,-0.866974923,-0.386529876,0.820255586,0.000000000,0.000000000,0.011994958,0.999928058,6
1782463476.073538542,18.238235712,5046,vicon_state_data,ball,1,0,-0.401676033,0.381946810,1.191786979,0.000000000,0.000000000,0.000000000,1.000000000,1,-0.867086410,-0.386564646,0.820432513,0.000000000,0.000000000,0.012191807,0.999925677,6
1782463476.076766729,18.241463900,5047,vicon_state_data,ball,1,0,-0.394290143,0.379995345,1.189169856,0.000000000,0.000000000,0.000000000,1.000000000,1,-0.867173246,-0.386416608,0.820462032,0.000000000,0.000000000,0.012810404,0.999917943,6
1782463476.080075026,18.244772196,5048,vicon_state_data,ball,1,0,-0.378417668,0.376686366,1.188028444,0.000000000,0.000000000,0.000000000,1.000000000,1,-0.867063808,-0.386300260,0.820299803,0.000000000,0.000000000,0.012638186,0.999920135,6
1782463476.083385229,18.248082399,5049,vicon_state_data,ball,1,0,-0.363093179,0.373088894,1.186541260,0.000000000,0.000000000,0.000000000,1.000000000,1,-0.867087480,-0.386354619,0.820395068,0.000000000,0.000000000,0.012537171,0.999921407,6
1782463476.086698771,18.251395941,5050,vicon_state_data,ball,1,0,-0.347064377,0.369980852,1.185276914,0.000000000,0.000000000,0.000000000,1.000000000,1,-0.867004061,-0.386446680,0.820403185,0.000000000,0.000000000,0.012137243,0.999926341,6
1782463476.090200901,18.254898071,5051,vicon_state_data,ball,1,0,-0.331855073,0.366675999,1.183431784,0.000000000,0.000000000,0.000000000,1.000000000,1,-0.867078278,-0.386392291,0.820482690,0.000000000,0.000000000,0.012390285,0.999923237,6
1782463476.093738794,18.258435965,5052,vicon_state_data,ball,1,0,-0.316442244,0.363308932,1.181732142,0.000000000,0.000000000,0.000000000,1.000000000,1,-0.866989539,-0.386349292,0.820402807,0.000000000,0.000000000,0.012179439,0.999925828,6
1782463476.096937895,18.261635065,5053,vicon_state_data,ball,1,0,-0.301033396,0.359873312,1.180069439,0.000000000,0.000000000,0.000000000,1.000000000,1,-0.867016685,-0.386309938,0.820476838,0.000000000,0.000000000,0.012335764,0.999923912,6
1782463476.100172520,18.264869690,5054,vicon_state_data,ball,1,0,-0.285618602,0.356253327,1.178220594,0.000000000,0.000000000,0.000000000,1.000000000,1,-0.867020137,-0.386350852,0.820496045,0.000000000,0.000000000,0.012120471,0.999926544,6
1782463476.103376389,18.268073559,5055,vicon_state_data,ball,1,0,-0.270299160,0.352523097,1.176215420,0.000000000,0.000000000,0.000000000,1.000000000,1,-0.866978962,-0.386226297,0.820455163,0.000000000,0.000000000,0.012301894,0.999924329,6
1782463476.106808424,18.271505594,5056,vicon_state_data,ball,1,0,-0.255005299,0.348839509,1.174065613,0.000000000,0.000000000,0.000000000,1.000000000,1,-0.866962316,-0.386220708,0.820444748,0.000000000,0.000000000,0.012202839,0.999925543,6
1782463476.110056162,18.274753332,5057,vicon_state_data,ball,1,0,-0.239621720,0.345107790,1.171710058,0.000000000,0.000000000,0.000000000,1.000000000,1,-0.867009831,-0.386204856,0.820529836,0.000000000,0.000000000,0.012170466,0.999925937,6
1782463476.113399029,18.278096199,5058,vicon_state_data,ball,1,0,-0.224279255,0.341518117,1.169131557,0.000000000,0.000000000,0.000000000,1.000000000,1,-0.866963267,-0.386100022,0.820472590,0.000000000,0.000000000,0.012322186,0.999924079,6
1782463476.116654873,18.281352043,5059,vicon_state_data,ball,1,0,-0.209138821,0.337515982,1.166438400,0.000000000,0.000000000,0.000000000,1.000000000,1,-0.866962716,-0.386079433,0.820459479,0.000000000,0.000000000,0.012408755,0.999923008,6
1782463476.119974136,18.284671307,5060,vicon_state_data,ball,1,0,-0.193916689,0.333660371,1.163846595,0.000000000,0.000000000,0.000000000,1.000000000,1,-0.866995809,-0.386105389,0.820511763,0.000000000,0.000000000,0.012232487,0.999925180,6
1782463476.123522043,18.288219213,5061,vicon_state_data,ball,1,0,-0.178734213,0.329861367,1.161071737,0.000000000,0.000000000,0.000000000,1.000000000,1,-0.866996887,-0.386048371,0.820500572,0.000000000,0.000000000,0.012330576,0.999923976,6
1782463476.127076387,18.291773558,5062,vicon_state_data,ball,1,0,-0.163688826,0.326092745,1.158176534,0.000000000,0.000000000,0.000000000,1.000000000,1,-0.866984933,-0.386022866,0.820481314,0.000000000,0.000000000,0.012249934,0.999924967,6
1782463476.130377531,18.295074701,5063,vicon_state_data,ball,1,0,-0.148612994,0.322508755,1.155120621,0.000000000,0.000000000,0.000000000,1.000000000,1,-0.866927730,-0.385922790,0.820391059,0.000000000,0.000000000,0.012423997,0.999922819,6
1782463476.133457422,18.298154593,5064,vicon_state_data,ball,1,0,-0.133446252,0.319157566,1.151686574,0.000000000,0.000000000,0.000000000,1.000000000,1,-0.866910014,-0.385833088,0.820369718,0.000000000,0.000000000,0.012493950,0.999921948,6
1782463476.136637926,18.301335096,5065,vicon_state_data,ball,1,0,-0.118433756,0.315675927,1.148376290,0.000000000,0.000000000,0.000000000,1.000000000,1,-0.866936870,-0.385915880,0.820406880,0.000000000,0.000000000,0.012333358,0.999923941,6
1782463476.140020370,18.304717541,5066,vicon_state_data,ball,1,0,-0.103438595,0.312177681,1.145093784,0.000000000,0.000000000,0.000000000,1.000000000,1,-0.866902338,-0.385886630,0.820361344,0.000000000,0.000000000,0.012118194,0.999926572,6
1782463476.143415451,18.308112621,5067,vicon_state_data,ball,1,0,-0.088403636,0.308706130,1.141741071,0.000000000,0.000000000,0.000000000,1.000000000,1,-0.866832216,-0.385784718,0.820294498,0.000000000,0.000000000,0.011811577,0.999930241,6
1782463476.146653652,18.311350822,5068,vicon_state_data,ball,1,0,-0.073364477,0.305098885,1.138275407,0.000000000,0.000000000,0.000000000,1.000000000,1,-0.866655423,-0.385780874,0.820150578,0.000000000,0.000000000,0.011126332,0.999938100,6
1782463476.149962902,18.314660072,5069,vicon_state_data,ball,1,0,-0.058352255,0.301388758,1.134746453,0.000000000,0.000000000,0.000000000,1.000000000,1,-0.866703640,-0.385650057,0.820136685,0.000000000,0.000000000,0.011514369,0.999933707,6
1782463476.153463840,18.318161011,5070,vicon_state_data,ball,1,0,-0.043344264,0.297644307,1.131064136,0.000000000,0.000000000,0.000000000,1.000000000,1,-0.866568564,-0.385919833,0.820164897,0.000000000,0.000000000,0.010397001,0.999945950,6
1782463476.156852007,18.321549177,5071,vicon_state_data,ball,1,0,-0.028451004,0.293901373,1.127262991,0.000000000,0.000000000,0.000000000,1.000000000,1,-0.866661246,-0.385765655,0.820205314,0.000000000,0.000000000,0.011043587,0.999939018,6
1782463476.160166740,18.324863911,5072,vicon_state_data,ball,1,0,-0.013575168,0.290181978,1.123272722,0.000000000,0.000000000,0.000000000,1.000000000,1,-0.866584265,-0.385850685,0.820145606,0.000000000,0.000000000,0.010323218,0.999946714,6
1782463476.163348436,18.328045607,5073,vicon_state_data,ball,1,0,0.001279735,0.286454215,1.119066216,0.000000000,0.000000000,0.000000000,1.000000000,1,-0.866633252,-0.385792438,0.820190375,0.000000000,0.000000000,0.010577620,0.999944055,6
1782463476.166707039,18.331404209,5074,vicon_state_data,ball,1,0,0.016090313,0.282866215,1.114753337,0.000000000,0.000000000,0.000000000,1.000000000,1,-0.866648393,-0.385705669,0.820166165,0.000000000,0.000000000,0.010726809,0.999942466,6
1782463476.170007229,18.334704399,5075,vicon_state_data,ball,1,0,0.030920026,0.279359897,1.110410616,0.000000000,0.000000000,0.000000000,1.000000000,1,-0.866500587,-0.385651165,0.820010681,0.000000000,0.000000000,0.010449590,0.999945402,6
1782463476.173516512,18.338213682,5076,vicon_state_data,ball,1,0,0.045723848,0.275878382,1.106062119,0.000000000,0.000000000,0.000000000,1.000000000,1,-0.866568919,-0.385738345,0.820107236,0.000000000,0.000000000,0.010352826,0.999946408,6
1782463476.177198172,18.341895342,5077,vicon_state_data,ball,1,0,0.060754955,0.272210383,1.101601653,0.000000000,0.000000000,0.000000000,1.000000000,1,-0.866559335,-0.385806436,0.820285279,0.000000000,0.000000000,0.010400832,0.999945910,6
1782463476.180115461,18.344812632,5078,vicon_state_data,ball,1,0,0.075497826,0.268930705,1.097025723,0.000000000,0.000000000,0.000000000,1.000000000,1,-0.866520933,-0.385782358,0.820281257,0.000000000,0.000000000,0.010280421,0.999947155,6
1782463476.183393478,18.348090649,5079,vicon_state_data,ball,1,0,0.090192838,0.265766362,1.092300091,0.000000000,0.000000000,0.000000000,1.000000000,1,-0.866932070,-0.385175715,0.820448601,0.000000000,0.000000000,0.014025032,0.999901644,6
1782463476.186811686,18.351508856,5080,vicon_state_data,ball,1,0,0.104853277,0.262581984,1.087397565,0.000000000,0.000000000,0.000000000,1.000000000,1,-0.866721936,-0.385226060,0.820076489,0.000000000,0.000000000,0.011980978,0.999928226,6
1782463476.190209866,18.354907036,5081,vicon_state_data,ball,1,0,0.119569014,0.259143276,1.082278044,0.000000000,0.000000000,0.000000000,1.000000000,1,-0.866692001,-0.385099431,0.820040663,0.000000000,0.000000000,0.011855562,0.999929720,6
1782463476.193364382,18.358061552,5082,vicon_state_data,ball,1,0,0.134012846,0.255709158,1.077269042,0.000000000,0.000000000,0.000000000,1.000000000,1,-0.866673596,-0.385074933,0.820027476,0.000000000,0.000000000,0.011879268,0.999929439,6
1782463476.196640968,18.361338139,5083,vicon_state_data,ball,1,0,0.148460803,0.252279557,1.072287293,0.000000000,0.000000000,0.000000000,1.000000000,1,-0.866661054,-0.385025440,0.820035930,0.000000000,0.000000000,0.011813380,0.999930220,6
1782463476.199908972,18.364606142,5084,vicon_state_data,ball,1,0,0.162944600,0.248649975,1.066763337,0.000000000,0.000000000,0.000000000,1.000000000,1,-0.866783181,-0.384925166,0.820353734,0.000000000,0.000000000,0.013411001,0.999910068,6
1782463476.203447104,18.368144274,5085,vicon_state_data,ball,1,0,0.177411415,0.245018560,1.061293319,0.000000000,0.000000000,0.000000000,1.000000000,1,-0.866836095,-0.384842074,0.820413235,0.000000000,0.000000000,0.013854881,0.999904017,6
1782463476.206847906,18.371545076,5086,vicon_state_data,ball,1,0,0.191824698,0.241350406,1.055556020,0.000000000,0.000000000,0.000000000,1.000000000,1,-0.866630011,-0.384882338,0.820034307,0.000000000,0.000000000,0.011845488,0.999929840,6
1782463476.210147858,18.374845028,5087,vicon_state_data,ball,1,0,0.206308304,0.237663596,1.050000644,0.000000000,0.000000000,0.000000000,1.000000000,1,-0.866643013,-0.384937174,0.820057279,0.000000000,0.000000000,0.012013183,0.999927839,6
1782463476.213410616,18.378107786,5088,vicon_state_data,ball,1,0,0.220710048,0.234046961,1.044351982,0.000000000,0.000000000,0.000000000,1.000000000,1,-0.866634450,-0.384903597,0.820074053,0.000000000,0.000000000,0.011979238,0.999928246,6
1782463476.216640949,18.381338120,5089,vicon_state_data,ball,1,0,0.235006711,0.230529515,1.038466786,0.000000000,0.000000000,0.000000000,1.000000000,1,-0.866760795,-0.384804889,0.820366655,0.000000000,0.000000000,0.013411421,0.999910063,6
1782463476.220070601,18.384767771,5090,vicon_state_data,ball,1,0,0.249541890,0.227110860,1.032752121,0.000000000,0.000000000,0.000000000,1.000000000,1,-0.866706704,-0.384826816,0.820302271,0.000000000,0.000000000,0.012974061,0.999915833,6
1782463476.223697186,18.388394356,5091,vicon_state_data,ball,1,0,0.263933038,0.223718501,1.026645212,0.000000000,0.000000000,0.000000000,1.000000000,1,-0.866576869,-0.384791502,0.820021793,0.000000000,0.000000000,0.011822908,0.999930107,6
1782463476.226785421,18.391482592,5092,vicon_state_data,ball,1,0,0.278164453,0.220523164,1.019988284,0.000000000,0.000000000,0.000000000,1.000000000,1,-0.866566988,-0.384802998,0.820039492,0.000000000,0.000000000,0.011703382,0.999931513,6
1782463476.230029821,18.394726992,5093,vicon_state_data,ball,1,0,0.292701311,0.217194610,1.013978229,0.000000000,0.000000000,0.000000000,1.000000000,1,-0.866642640,-0.384824511,0.820291705,0.000000000,0.000000000,0.012570428,0.999920989,6
1782463476.233264446,18.397961617,5094,vicon_state_data,ball,1,0,0.307009700,0.213962189,1.007593992,0.000000000,0.000000000,0.000000000,1.000000000,1,-0.866603600,-0.384667867,0.820263938,0.000000000,0.000000000,0.012602652,0.999920583,6
1782463476.236822605,18.401519775,5095,vicon_state_data,ball,1,0,0.321385399,0.210708435,1.000971178,0.000000000,0.000000000,0.000000000,1.000000000,1,-0.866628560,-0.384746031,0.820343336,0.000000000,0.000000000,0.012693043,0.999919440,6
1782463476.240145445,18.404842615,5096,vicon_state_data,ball,1,0,0.335665936,0.207366600,0.994527288,0.000000000,0.000000000,0.000000000,1.000000000,1,-0.866617125,-0.384740501,0.820345062,0.000000000,0.000000000,0.012636722,0.999920153,6
1782463476.243391275,18.408088446,5097,vicon_state_data,ball,1,0,0.349879555,0.203919638,0.987917151,0.000000000,0.000000000,0.000000000,1.000000000,1,-0.866593274,-0.384674686,0.820342237,0.000000000,0.000000000,0.012639394,0.999920120,6
1782463476.246731997,18.411429167,5098,vicon_state_data,ball,1,0,0.364043501,0.200356901,0.981218103,0.000000000,0.000000000,0.000000000,1.000000000,1,-0.866500865,-0.384603777,0.820117571,0.000000000,0.000000000,0.011847911,0.999929811,6
1782463476.250199795,18.414896965,5099,vicon_state_data,ball,1,0,0.378284561,0.196638241,0.974403922,0.000000000,0.000000000,0.000000000,1.000000000,1,-0.866473884,-0.384596003,0.820083598,0.000000000,0.000000000,0.011782230,0.999930587,6
1782463476.253380537,18.418077707,5100,vicon_state_data,ball,1,0,0.392462312,0.193095861,0.967338111,0.000000000,0.000000000,0.000000000,1.000000000,1,-0.866490366,-0.384488130,0.820114735,0.000000000,0.000000000,0.012031464,0.999927619,6
1782463476.256876469,18.421573639,5101,vicon_state_data,ball,1,0,0.406460473,0.189757605,0.959941896,0.000000000,0.000000000,0.000000000,1.000000000,1,-0.866635937,-0.384455340,0.820419817,0.000000000,0.000000000,0.013242169,0.999912319,6
1782463476.260088205,18.424785376,5102,vicon_state_data,ball,1,0,0.420513214,0.186437154,0.952562533,0.000000000,0.000000000,0.000000000,1.000000000,1,-0.866575902,-0.384420000,0.820374212,0.000000000,0.000000000,0.013122943,0.999913890,6
1782463476.263374329,18.428071499,5103,vicon_state_data,ball,1,0,0.434571344,0.183333701,0.945374356,0.000000000,0.000000000,0.000000000,1.000000000,1,-0.866590705,-0.384322734,0.820355256,0.000000000,0.000000000,0.013343051,0.999910978,6
1782463476.266714811,18.431411982,5104,vicon_state_data,ball,1,0,0.448558246,0.179961956,0.937628072,0.000000000,0.000000000,0.000000000,1.000000000,1,-0.866629879,-0.384210994,0.820406344,0.000000000,0.000000000,0.013778433,0.999905073,6
1782463476.269915104,18.434612274,5105,vicon_state_data,ball,1,0,0.462588310,0.176752173,0.930094554,0.000000000,0.000000000,0.000000000,1.000000000,1,-0.866636026,-0.384110713,0.820418689,0.000000000,0.000000000,0.014087791,0.999900762,6
1782463476.273597717,18.438294888,5106,vicon_state_data,ball,1,0,0.476637013,0.173619083,0.922441650,0.000000000,0.000000000,0.000000000,1.000000000,1,-0.866585938,-0.384082852,0.820358695,0.000000000,0.000000000,0.013786979,0.999904955,6
1782463476.277032852,18.441730022,5107,vicon_state_data,ball,1,0,0.490601467,0.170590118,0.914671385,0.000000000,0.000000000,0.000000000,1.000000000,1,-0.866611409,-0.383958050,0.820362085,0.000000000,0.000000000,0.014100890,0.999900578,6
1782463476.280161858,18.444859028,5108,vicon_state_data,ball,1,0,0.504446866,0.167500538,0.906680801,0.000000000,0.000000000,0.000000000,1.000000000,1,-0.866369741,-0.383871185,0.819976277,0.000000000,0.000000000,0.012189881,0.999925701,6
1782463476.283703327,18.448400497,5109,vicon_state_data,ball,1,0,0.518187854,0.164451338,0.898870848,0.000000000,0.000000000,0.000000000,1.000000000,1,-0.866524134,-0.383730950,0.820298669,0.000000000,0.000000000,0.014009632,0.999901860,6
1782463476.286675453,18.451372623,5110,vicon_state_data,ball,1,0,0.532090972,0.160946511,0.890584711,0.000000000,0.000000000,0.000000000,1.000000000,1,-0.866533930,-0.383537582,0.820306346,0.000000000,0.000000000,0.014283786,0.999897982,6
1782463476.290150166,18.454847336,5111,vicon_state_data,ball,1,0,0.545616336,0.157543125,0.882485389,0.000000000,0.000000000,0.000000000,1.000000000,1,-0.866533212,-0.383496698,0.820315833,0.000000000,0.000000000,0.014406649,0.999896219,6
1782463476.293287754,18.457984924,5112,vicon_state_data,ball,1,0,0.559473826,0.153994169,0.873650925,0.000000000,0.000000000,0.000000000,1.000000000,1,-0.866691686,-0.383131078,0.820596948,0.000000000,0.000000000,0.016218391,0.999868473,6
1782463476.296662807,18.461359978,5113,vicon_state_data,ball,1,0,0.573155649,0.150588470,0.865249271,0.000000000,0.000000000,0.000000000,1.000000000,1,-0.866675551,-0.383069086,0.820586491,0.000000000,0.000000000,0.016223114,0.999868397,6
1782463476.300038576,18.464735746,5114,vicon_state_data,ball,1,0,0.586608352,0.147237705,0.857138444,0.000000000,0.000000000,0.000000000,1.000000000,1,-0.866423412,-0.383270978,0.820146643,0.000000000,0.000000000,0.013272171,0.999911921,6
1782463476.303354263,18.468051434,5115,vicon_state_data,ball,1,0,0.600296066,0.143731451,0.848467588,0.000000000,0.000000000,0.000000000,1.000000000,1,-0.866644291,-0.383018309,0.820590155,0.000000000,0.000000000,0.016214944,0.999868529,6
1782463476.307137728,18.471834898,5116,vicon_state_data,ball,1,0,0.613961391,0.140338368,0.839646761,0.000000000,0.000000000,0.000000000,1.000000000,1,-0.866621235,-0.382962871,0.820560926,0.000000000,0.000000000,0.016217720,0.999868484,6
1782463476.310078144,18.474775314,5117,vicon_state_data,ball,1,0,0.627561462,0.137111726,0.830610244,0.000000000,0.000000000,0.000000000,1.000000000,1,-0.866603687,-0.382939884,0.820557863,0.000000000,0.000000000,0.016200203,0.999868768,6
1782463476.313491106,18.478188276,5118,vicon_state_data,ball,1,0,0.641186122,0.133738040,0.821389210,0.000000000,0.000000000,0.000000000,1.000000000,1,-0.866448901,-0.383186246,0.820221245,0.000000000,0.000000000,0.013954772,0.999902627,6
1782463476.316661835,18.481359005,5119,vicon_state_data,ball,1,0,0.654784673,0.130330445,0.812454086,0.000000000,0.000000000,0.000000000,1.000000000,1,-0.866700744,-0.382866376,0.820665204,0.000000000,0.000000000,0.017018935,0.999855167,6
1782463476.319976091,18.484673262,5120,vicon_state_data,ball,1,0,0.668346244,0.127133235,0.803239637,0.000000000,0.000000000,0.000000000,1.000000000,1,-0.866648685,-0.382710503,0.820625923,0.000000000,0.000000000,0.017071085,0.999854278,6
1782463476.323348284,18.488045454,5121,vicon_state_data,ball,1,0,0.681908183,0.123892418,0.793943209,0.000000000,0.000000000,0.000000000,1.000000000,1,-0.866639288,-0.382673518,0.820615303,0.000000000,0.000000000,0.017046007,0.999854706,6
1782463476.326712132,18.491409302,5122,vicon_state_data,ball,1,0,0.695464097,0.120738934,0.784543462,0.000000000,0.000000000,0.000000000,1.000000000,1,-0.866318036,-0.382941398,0.820117327,0.000000000,0.000000000,0.013639592,0.999906976,6
1782463476.330149412,18.494846582,5123,vicon_state_data,ball,1,0,0.708949527,0.117719695,0.775082867,0.000000000,0.000000000,0.000000000,1.000000000,1,-0.866353281,-0.382940228,0.820203938,0.000000000,0.000000000,0.014006567,0.999901903,6
1782463476.333676815,18.498373985,5124,vicon_state_data,ball,1,0,0.722380504,0.114526436,0.765650046,0.000000000,0.000000000,0.000000000,1.000000000,1,-0.866355216,-0.382795812,0.820189408,0.000000000,0.000000000,0.013996852,0.999902039,6
1782463476.336710453,18.501407623,5125,vicon_state_data,ball,1,0,0.734114611,0.111536665,0.773713587,0.000000000,0.000000000,0.000000000,1.000000000,1,-0.866586595,-0.382679938,0.820651339,0.000000000,0.000000000,0.016934824,0.999856596,6
1782463476.340207338,18.504904509,5126,vicon_state_data,ball,1,0,0.745895958,0.108868525,0.781927365,0.000000000,0.000000000,0.000000000,1.000000000,1,-0.866386123,-0.382722345,0.820290825,0.000000000,0.000000000,0.014294884,0.999897823,6
1782463476.343330145,18.508027315,5127,vicon_state_data,ball,1,0,0.757604764,0.106187132,0.790200168,0.000000000,0.000000000,0.000000000,1.000000000,1,-0.866543278,-0.382433956,0.820630012,0.000000000,0.000000000,0.017040904,0.999854793,6
1782463476.346787214,18.511484385,5128,vicon_state_data,ball,1,0,0.769247803,0.103662812,0.798343512,0.000000000,0.000000000,0.000000000,1.000000000,1,-0.866525544,-0.382362368,0.820612234,0.000000000,0.000000000,0.017098159,0.999853816,6
1782463476.349974632,18.514671803,5129,vicon_state_data,ball,1,0,0.780880039,0.101198974,0.806553076,0.000000000,0.000000000,0.000000000,1.000000000,1,-0.866519416,-0.382285477,0.820617731,0.000000000,0.000000000,0.017172060,0.999852549,6
1782463476.353394508,18.518091679,5130,vicon_state_data,ball,1,0,0.792504853,0.098885504,0.814807227,0.000000000,0.000000000,0.000000000,1.000000000,1,-0.866227513,-0.382538135,0.820135849,0.000000000,0.000000000,0.013767199,0.999905228,6
1782463476.356709957,18.521407127,5131,vicon_state_data,ball,1,0,0.803905736,0.097000229,0.823040416,0.000000000,0.000000000,0.000000000,1.000000000,1,-0.866490752,-0.382271367,0.820612307,0.000000000,0.000000000,0.017008877,0.999855339,6
1782463476.360149622,18.524846792,5132,vicon_state_data,ball,1,0,0.815434646,0.094327419,0.830787150,0.000000000,0.000000000,0.000000000,1.000000000,1,-0.866191135,-0.382535657,0.820126110,0.000000000,0.000000000,0.013506329,0.999908785,6
1782463476.363329649,18.528026819,5133,vicon_state_data,ball,1,0,0.826714921,0.091680936,0.838647495,0.000000000,0.000000000,0.000000000,1.000000000,1,-0.866456326,-0.382173976,0.820621378,0.000000000,0.000000000,0.016942509,0.999856465,6
1782463476.366806507,18.531503677,5134,vicon_state_data,ball,1,0,0.838197807,0.088684125,0.845753245,0.000000000,0.000000000,0.000000000,1.000000000,1,-0.866453542,-0.382153125,0.820660253,0.000000000,0.000000000,0.016900634,0.999857174,6
1782463476.370343447,18.535040617,5135,vicon_state_data,ball,1,0,0.849385371,0.086065221,0.853556146,0.000000000,0.000000000,0.000000000,1.000000000,1,-0.866150387,-0.382377750,0.820169388,0.000000000,0.000000000,0.013478326,0.999909163,6
1782463476.373673677,18.538370848,5136,vicon_state_data,ball,1,0,0.860857507,0.083252640,0.860799837,0.000000000,0.000000000,0.000000000,1.000000000,1,-0.866440539,-0.382058937,0.820685188,0.000000000,0.000000000,0.016933469,0.999856619,6
1782463476.377005577,18.541702747,5137,vicon_state_data,ball,1,0,0.872272331,0.080705552,0.867646496,0.000000000,0.000000000,0.000000000,1.000000000,1,-0.866165443,-0.382239994,0.820213477,0.000000000,0.000000000,0.013880096,0.999903667,6
1782463476.380053043,18.544750214,5138,vicon_state_data,ball,1,0,0.883812030,0.077911566,0.874813235,0.000000000,0.000000000,0.000000000,1.000000000,1,-0.866235423,-0.382227923,0.820329237,0.000000000,0.000000000,0.014184521,0.999899395,6
1782463476.383272886,18.547970057,5139,vicon_state_data,ball,1,0,0.895257892,0.075342210,0.881608132,0.000000000,0.000000000,0.000000000,1.000000000,1,-0.866426305,-0.382027961,0.820746570,0.000000000,0.000000000,0.017082729,0.999854080,6
1782463476.386784315,18.551481485,5140,vicon_state_data,ball,1,0,0.906710271,0.072897657,0.888372211,0.000000000,0.000000000,0.000000000,1.000000000,1,-0.866424117,-0.381997391,0.820753988,0.000000000,0.000000000,0.017026671,0.999855036,6
1782463476.390114784,18.554811954,5141,vicon_state_data,ball,1,0,0.918109135,0.070608289,0.894969025,0.000000000,0.000000000,0.000000000,1.000000000,1,-0.866246449,-0.382155311,0.820416525,0.000000000,0.000000000,0.014627875,0.999893007,6
1782463476.393801212,18.558498383,5142,vicon_state_data,ball,1,0,0.929505175,0.067976746,0.901379620,0.000000000,0.000000000,0.000000000,1.000000000,1,-0.866220768,-0.382181430,0.820402143,0.000000000,0.000000000,0.014408896,0.999896186,6
1782463476.396796942,18.561494112,5143,vicon_state_data,ball,1,0,0.940840468,0.065391650,0.907674226,0.000000000,0.000000000,0.000000000,1.000000000,1,-0.866101214,-0.382172299,0.820256606,0.000000000,0.000000000,0.013633363,0.999907061,6
1782463476.400002718,18.564699888,5144,vicon_state_data,ball,1,0,0.952238506,0.062921290,0.913824670,0.000000000,0.000000000,0.000000000,1.000000000,1,-0.866077664,-0.382098138,0.820215950,0.000000000,0.000000000,0.013732263,0.999905708,6
1782463476.403451681,18.568148851,5145,vicon_state_data,ball,1,0,0.963495573,0.060323579,0.919870673,0.000000000,0.000000000,0.000000000,1.000000000,1,-0.866066471,-0.381994898,0.820199616,0.000000000,0.000000000,0.013943697,0.999902782,6
1782463476.406825781,18.571522951,5146,vicon_state_data,ball,1,0,0.974841053,0.058135047,0.925804325,0.000000000,0.000000000,0.000000000,1.000000000,1,-0.866236332,-0.381885214,0.820570657,0.000000000,0.000000000,0.016201281,0.999868751,6
1782463476.410083771,18.574780941,5147,vicon_state_data,ball,1,0,0.986213084,0.055832976,0.931721664,0.000000000,0.000000000,0.000000000,1.000000000,1,-0.866061028,-0.381922479,0.820276834,0.000000000,0.000000000,0.013937092,0.999902874,6
1782463476.413474798,18.578171968,5148,vicon_state_data,ball,1,0,0.997518252,0.053766497,0.937523119,0.000000000,0.000000000,0.000000000,1.000000000,1,-0.866307807,-0.381488863,0.820706776,0.000000000,0.000000000,0.017529377,0.999846349,6
1782463476.416984320,18.581681490,5149,vicon_state_data,ball,1,0,1.008848969,0.051325399,0.942767554,0.000000000,0.000000000,0.000000000,1.000000000,1,-0.866025687,-0.381862890,0.820211565,0.000000000,0.000000000,0.013959009,0.999902568,6
1782463476.420174599,18.584871769,5150,vicon_state_data,ball,1,0,1.019626682,0.049240786,0.949047756,0.000000000,0.000000000,0.000000000,1.000000000,1,-0.866327678,-0.381513557,0.820718670,0.000000000,0.000000000,0.017898394,0.999839811,6
1782463476.423456430,18.588153601,5151,vicon_state_data,ball,1,0,1.030771906,0.046151879,0.953727237,0.000000000,0.000000000,0.000000000,1.000000000,1,-0.866283699,-0.381421761,0.820714911,0.000000000,0.000000000,0.017754352,0.999842379,6
1782463476.426854849,18.591552019,5152,vicon_state_data,ball,1,0,1.041477078,0.043550967,0.959547368,0.000000000,0.000000000,0.000000000,1.000000000,1,-0.866060180,-0.381583873,0.820312311,0.000000000,0.000000000,0.014958653,0.999888113,6
1782463476.429962635,18.594659805,5153,vicon_state_data,ball,1,0,1.052985684,0.040155314,0.964583603,0.000000000,0.000000000,0.000000000,1.000000000,1,-0.866244856,-0.381297612,0.820659692,0.000000000,0.000000000,0.017829319,0.999841045,6
1782463476.433396339,18.598093510,5154,vicon_state_data,ball,1,0,1.063623003,0.038269948,0.969390713,0.000000000,0.000000000,0.000000000,1.000000000,1,-0.866068009,-0.381465299,0.820354040,0.000000000,0.000000000,0.015306812,0.999882844,6
1782463476.437127113,18.601824284,5155,vicon_state_data,ball,1,0,1.075009253,0.035631607,0.974351792,0.000000000,0.000000000,0.000000000,1.000000000,1,-0.866177936,-0.381206630,0.820611034,0.000000000,0.000000000,0.017610107,0.999844930,6
1782463476.440877914,18.605575085,5156,vicon_state_data,ball,1,0,1.086110826,0.032957262,0.979089889,0.000000000,0.000000000,0.000000000,1.000000000,1,-0.866024212,-0.381354769,0.820320801,0.000000000,0.000000000,0.015311616,0.999882770,6
1782463476.443797588,18.608494759,5157,vicon_state_data,ball,1,0,1.097269327,0.030525149,0.983803108,0.000000000,0.000000000,0.000000000,1.000000000,1,-0.865939314,-0.381343684,0.820199745,0.000000000,0.000000000,0.014951635,0.999888218,6
1782463476.447361708,18.612058878,5158,vicon_state_data,ball,1,0,1.108446954,0.028353351,0.988377361,0.000000000,0.000000000,0.000000000,1.000000000,1,-0.865994370,-0.381263046,0.820263241,0.000000000,0.000000000,0.015523513,0.999879503,6
1782463476.450422764,18.615119934,5159,vicon_state_data,ball,1,0,1.119551939,0.025744708,0.992640015,0.000000000,0.000000000,0.000000000,1.000000000,1,-0.865977814,-0.381213254,0.820260393,0.000000000,0.000000000,0.015589567,0.999878475,6
1782463476.453709602,18.618406773,5160,vicon_state_data,ball,1,0,1.130688548,0.023280950,0.996830910,0.000000000,0.000000000,0.000000000,1.000000000,1,-0.866059223,-0.381200260,0.820341319,0.000000000,0.000000000,0.016139657,0.999869747,6
1782463476.457400084,18.622097254,5161,vicon_state_data,ball,1,0,1.141744176,0.020871580,1.000899801,0.000000000,0.000000000,0.000000000,1.000000000,1,-0.866088172,-0.381140406,0.820386451,0.000000000,0.000000000,0.016270458,0.999867627,6
1782463476.460055351,18.624752522,5162,vicon_state_data,ball,1,0,1.152739984,0.018387426,1.004925429,0.000000000,0.000000000,0.000000000,1.000000000,1,-0.866094144,-0.380993342,0.820377647,0.000000000,0.000000000,0.016705165,0.999860459,6
1782463476.463292837,18.627990007,5163,vicon_state_data,ball,1,0,1.163828095,0.016021300,1.008806371,0.000000000,0.000000000,0.000000000,1.000000000,1,-0.866129408,-0.380876446,0.820429763,0.000000000,0.000000000,0.016827468,0.999858408,6
1782463476.466813803,18.631510973,5164,vicon_state_data,ball,1,0,1.174927013,0.013682597,1.012572248,0.000000000,0.000000000,0.000000000,1.000000000,1,-0.866073409,-0.381020419,0.820314094,0.000000000,0.000000000,0.016579242,0.999862555,6
1782463476.470611572,18.635308743,5165,vicon_state_data,ball,1,0,1.185849429,0.011607914,1.016410343,0.000000000,0.000000000,0.000000000,1.000000000,1,-0.866072619,-0.380917353,0.820327601,0.000000000,0.000000000,0.016599766,0.999862214,6
1782463476.473963022,18.638660192,5166,vicon_state_data,ball,1,0,1.197077409,0.009122720,1.019364427,0.000000000,0.000000000,0.000000000,1.000000000,1,-0.866067229,-0.380913752,0.820417514,0.000000000,0.000000000,0.016607224,0.999862091,6
1782463476.476776123,18.641473293,5167,vicon_state_data,ball,1,0,1.207942952,0.006615325,1.022617208,0.000000000,0.000000000,0.000000000,1.000000000,1,-0.866096780,-0.380850155,0.820365569,0.000000000,0.000000000,0.017168749,0.999852606,6
1782463476.480143070,18.644840240,5168,vicon_state_data,ball,1,0,1.218646412,0.004209448,1.026100258,0.000000000,0.000000000,0.000000000,1.000000000,1,-0.866066040,-0.380790936,0.820369621,0.000000000,0.000000000,0.016848793,0.999858049,6
1782463476.483489513,18.648186684,5169,vicon_state_data,ball,1,0,1.229204879,0.001345757,1.029406649,0.000000000,0.000000000,0.000000000,1.000000000,1,-0.865939343,-0.380906468,0.820333611,0.000000000,0.000000000,0.016243229,0.999868070,6
1782463476.487073421,18.651770592,5170,vicon_state_data,ball,1,0,1.239601636,-0.001323261,1.032916403,0.000000000,0.000000000,0.000000000,1.000000000,1,-0.866120586,-0.380553831,0.820393440,0.000000000,0.000000000,0.017449562,0.999847745,6
1782463476.490716219,18.655413389,5171,vicon_state_data,ball,1,0,1.250397486,-0.003705660,1.035509883,0.000000000,0.000000000,0.000000000,1.000000000,1,-0.866159676,-0.380369714,0.820387490,0.000000000,0.000000000,0.018014771,0.999837721,6
1782463476.493483305,18.658180475,5172,vicon_state_data,ball,1,0,1.261338831,-0.005918499,1.038207876,0.000000000,0.000000000,0.000000000,1.000000000,1,-0.866035852,-0.380219967,0.820419914,0.000000000,0.000000000,0.017177467,0.999852456,6
1782463476.496733904,18.661431074,5173,vicon_state_data,ball,1,0,1.272402650,-0.008573861,1.040929913,0.000000000,0.000000000,0.000000000,1.000000000,1,-0.866030560,-0.380128450,0.820427784,0.000000000,0.000000000,0.017274259,0.999850789,6
1782463476.500209570,18.664906740,5174,vicon_state_data,ball,1,0,1.283284278,-0.011050685,1.043573441,0.000000000,0.000000000,0.000000000,1.000000000,1,-0.865517271,-0.380832919,0.820049522,0.000000000,0.000000000,0.014941397,0.999888371,6
1782463476.503649473,18.668346643,5175,vicon_state_data,ball,1,0,1.294429799,-0.013431262,1.045976040,0.000000000,0.000000000,0.000000000,1.000000000,1,-0.865591736,-0.380772309,0.820151100,0.000000000,0.000000000,0.015451695,0.999880615,6
1782463476.506985188,18.671682358,5176,vicon_state_data,ball,1,0,1.305366053,-0.015875500,1.048123200,0.000000000,0.000000000,0.000000000,1.000000000,1,-0.865538007,-0.380741078,0.820089607,0.000000000,0.000000000,0.015287048,0.999883146,6
1782463476.510164499,18.674861670,5177,vicon_state_data,ball,1,0,1.316232430,-0.018104331,1.050144185,0.000000000,0.000000000,0.000000000,1.000000000,1,-0.865572187,-0.380713396,0.820170300,0.000000000,0.000000000,0.015383526,0.999881667,6
1782463476.513484716,18.678181887,5178,vicon_state_data,ball,1,0,1.327056215,-0.020327074,1.052209450,0.000000000,0.000000000,0.000000000,1.000000000,1,-0.865521588,-0.380635489,0.820177676,0.000000000,0.000000000,0.015049613,0.999886748,6
1782463476.516980171,18.681677341,5179,vicon_state_data,ball,1,0,1.337798992,-0.022817885,1.054261858,0.000000000,0.000000000,0.000000000,1.000000000,1,-0.865467927,-0.380617956,0.820104665,0.000000000,0.000000000,0.015034922,0.999886969,6
1782463476.520081043,18.684778214,5180,vicon_state_data,ball,1,0,1.348600322,-0.025214707,1.056090514,0.000000000,0.000000000,0.000000000,1.000000000,1,-0.865428488,-0.380573787,0.820081690,0.000000000,0.000000000,0.014881763,0.999889260,6
1782463476.523504734,18.688201904,5181,vicon_state_data,ball,1,0,1.359552789,-0.027490247,1.057806498,0.000000000,0.000000000,0.000000000,1.000000000,1,-0.865751413,-0.380296977,0.820683486,0.000000000,0.000000000,0.018386625,0.999830952,6
1782463476.526736975,18.691434145,5182,vicon_state_data,ball,1,0,1.370445299,-0.029880791,1.059344694,0.000000000,0.000000000,0.000000000,1.000000000,1,-0.865268803,-0.380445799,0.819905788,0.000000000,0.000000000,0.014485727,0.999895076,6
1782463476.530013800,18.694710970,5183,vicon_state_data,ball,1,0,1.381272829,-0.032133619,1.060467164,0.000000000,0.000000000,0.000000000,1.000000000,1,-0.865249204,-0.380427958,0.819905877,0.000000000,0.000000000,0.014531348,0.999894414,6
1782463476.533390999,18.698088169,5184,vicon_state_data,ball,1,0,1.391981519,-0.034366906,1.061764121,0.000000000,0.000000000,0.000000000,1.000000000,1,-0.865660956,-0.380200699,0.820655416,0.000000000,0.000000000,0.018020899,0.999837610,6
1782463476.536588430,18.701285601,5185,vicon_state_data,ball,1,0,1.402472803,-0.036736640,1.062993633,0.000000000,0.000000000,0.000000000,1.000000000,1,-0.865637113,-0.380170929,0.820671713,0.000000000,0.000000000,0.018039706,0.999837271,6
1782463476.540021658,18.704718828,5186,vicon_state_data,ball,1,0,1.412640972,-0.039649972,1.064299696,0.000000000,0.000000000,0.000000000,1.000000000,1,-0.865575385,-0.380073826,0.820623003,0.000000000,0.000000000,0.018188125,0.999834582,6
1782463476.543274403,18.707971573,5187,vicon_state_data,ball,1,0,1.422813516,-0.042285748,1.065810595,0.000000000,0.000000000,0.000000000,1.000000000,1,-0.865610771,-0.380086200,0.820650655,0.000000000,0.000000000,0.018104754,0.999836096,6
1782463476.547022104,18.711719275,5188,vicon_state_data,ball,1,0,1.433288039,-0.044535078,1.066514882,0.000000000,0.000000000,0.000000000,1.000000000,1,-0.865582239,-0.380094774,0.820684631,0.000000000,0.000000000,0.018071773,0.999836692,6
1782463476.550360918,18.715058088,5189,vicon_state_data,ball,1,0,1.443976094,-0.046745847,1.067073737,0.000000000,0.000000000,0.000000000,1.000000000,1,-0.865495780,-0.380006617,0.820577675,0.000000000,0.000000000,0.018059686,0.999836911,6
1782463476.553388357,18.718085527,5190,vicon_state_data,ball,1,0,1.454820973,-0.049152713,1.067686678,0.000000000,0.000000000,0.000000000,1.000000000,1,-0.865506027,-0.379929144,0.820612478,0.000000000,0.000000000,0.018277645,0.999832950,6
1782463476.556833506,18.721530676,5191,vicon_state_data,ball,1,0,1.465551535,-0.051585351,1.068337027,0.000000000,0.000000000,0.000000000,1.000000000,1,-0.865530605,-0.379992148,0.820733419,0.000000000,0.000000000,0.018078175,0.999836576,6
1782463476.559957027,18.724654198,5192,vicon_state_data,ball,1,0,1.476372047,-0.053689759,1.068736920,0.000000000,0.000000000,0.000000000,1.000000000,1,-0.865501966,-0.379939576,0.820635775,0.000000000,0.000000000,0.017995626,0.999838066,6
1782463476.563453674,18.728150845,5193,vicon_state_data,ball,1,0,1.487107513,-0.056870658,1.069029130,0.000000000,0.000000000,0.000000000,1.000000000,1,-0.865066462,-0.380089877,0.819960397,0.000000000,0.000000000,0.014755375,0.999891134,6
1782463476.566687584,18.731384754,5194,vicon_state_data,ball,1,0,1.497999339,-0.058561236,1.068575526,0.000000000,0.000000000,0.000000000,1.000000000,1,-0.865396862,-0.379843314,0.820700965,0.000000000,0.000000000,0.018018168,0.999837660,6
1782463476.570008755,18.734705925,5195,vicon_state_data,ball,1,0,1.508494973,-0.060738701,1.068833856,0.000000000,0.000000000,0.000000000,1.000000000,1,-0.865365234,-0.379283375,0.820524548,0.000000000,0.000000000,0.007912952,0.999968692,6
1782463476.573329210,18.738026381,5196,vicon_state_data,ball,1,0,1.519003445,-0.063188100,1.068897314,0.000000000,0.000000000,0.000000000,1.000000000,1,-0.865834579,-0.379663099,0.821015131,0.000000000,0.000000000,0.019878611,0.999802401,6
1782463476.576776266,18.741473436,5197,vicon_state_data,ball,1,0,1.529642763,-0.065470707,1.068760058,0.000000000,0.000000000,0.000000000,1.000000000,1,-0.865794065,-0.379542735,0.821072248,0.000000000,0.000000000,0.020180873,0.999796345,6
1782463476.580235004,18.744932175,5198,vicon_state_data,ball,1,0,1.540257331,-0.067878635,1.068492312,0.000000000,0.000000000,0.000000000,1.000000000,1,-0.865788490,-0.379572713,0.821056274,0.000000000,0.000000000,0.019757798,0.999804796,6
1782463476.583357811,18.748054981,5199,vicon_state_data,ball,1,0,1.550966861,-0.070168967,1.067955751,0.000000000,0.000000000,0.000000000,1.000000000,1,-0.865725606,-0.379406710,0.821027221,0.000000000,0.000000000,0.020153343,0.999796901,6
1782463476.586624146,18.751321316,5200,vicon_state_data,ball,1,0,1.561633668,-0.072331641,1.067060596,0.000000000,0.000000000,0.000000000,1.000000000,1,-0.865699154,-0.379540533,0.821004159,0.000000000,0.000000000,0.019424535,0.999811326,6
1782463476.590034485,18.754731655,5201,vicon_state_data,ball,1,0,1.572162884,-0.074547170,1.066356117,0.000000000,0.000000000,0.000000000,1.000000000,1,-0.864922540,-0.379877889,0.820067300,0.000000000,0.000000000,0.014412831,0.999896130,6
1782463476.593420029,18.758117199,5202,vicon_state_data,ball,1,0,1.582485876,-0.076788726,1.065568094,0.000000000,0.000000000,0.000000000,1.000000000,1,-0.865184931,-0.379595989,0.820705882,0.000000000,0.000000000,0.017645479,0.999844306,6
1782463476.596637726,18.761334896,5203,vicon_state_data,ball,1,0,1.592455321,-0.079441394,1.064863262,0.000000000,0.000000000,0.000000000,1.000000000,1,-0.865150960,-0.379685530,0.820657377,0.000000000,0.000000000,0.016909152,0.999857030,6
1782463476.599969387,18.764666557,5204,vicon_state_data,ball,1,0,1.602524738,-0.082370818,1.063875710,0.000000000,0.000000000,0.000000000,1.000000000,1,-0.864839678,-0.379808676,0.820025922,0.000000000,0.000000000,0.014274939,0.999898108,6
1782463476.603296518,18.767993689,5205,vicon_state_data,ball,1,0,1.612451106,-0.084490856,1.063176061,0.000000000,0.000000000,0.000000000,1.000000000,1,-0.865128441,-0.379602429,0.820598359,0.000000000,0.000000000,0.017037329,0.999854854,6
1782463476.606898546,18.771595716,5206,vicon_state_data,ball,1,0,1.622764266,-0.086694723,1.061845140,0.000000000,0.000000000,0.000000000,1.000000000,1,-0.865126901,-0.379527171,0.820610196,0.000000000,0.000000000,0.017247159,0.999851257,6
1782463476.610313177,18.775010347,5207,vicon_state_data,ball,1,0,1.633068992,-0.088771023,1.060567021,0.000000000,0.000000000,0.000000000,1.000000000,1,-0.864793595,-0.379718741,0.820007903,0.000000000,0.000000000,0.014370809,0.999896735,6
1782463476.613425732,18.778122902,5208,vicon_state_data,ball,1,0,1.644012456,-0.090959995,1.059014065,0.000000000,0.000000000,0.000000000,1.000000000,1,-0.864792936,-0.379644631,0.820026316,0.000000000,0.000000000,0.014500120,0.999894868,6
1782463476.616850853,18.781548023,5209,vicon_state_data,ball,1,0,1.654733251,-0.093649116,1.057558987,0.000000000,0.000000000,0.000000000,1.000000000,1,-0.865142937,-0.379405727,0.820730118,0.000000000,0.000000000,0.017693975,0.999843449,6
1782463476.620123148,18.784820318,5210,vicon_state_data,ball,1,0,1.665532885,-0.096150029,1.055673181,0.000000000,0.000000000,0.000000000,1.000000000,1,-0.864819634,-0.379483664,0.820004316,0.000000000,0.000000000,0.014842037,0.999889851,6
1782463476.623392344,18.788089514,5211,vicon_state_data,ball,1,0,1.676030137,-0.097797992,1.052906620,0.000000000,0.000000000,0.000000000,1.000000000,1,-0.865127891,-0.379305045,0.820734632,0.000000000,0.000000000,0.017976757,0.999838405,6
1782463476.626855373,18.791552544,5212,vicon_state_data,ball,1,0,1.686199341,-0.100055937,1.051385007,0.000000000,0.000000000,0.000000000,1.000000000,1,-0.865131057,-0.379189234,0.820671049,0.000000000,0.000000000,0.018122828,0.999835768,6
1782463476.630104780,18.794801950,5213,vicon_state_data,ball,1,0,1.696468914,-0.102367735,1.049606082,0.000000000,0.000000000,0.000000000,1.000000000,1,-0.864808950,-0.379300461,0.820038291,0.000000000,0.000000000,0.015212358,0.999884285,6
1782463476.633461714,18.798158884,5214,vicon_state_data,ball,1,0,1.706763534,-0.104790167,1.047584300,0.000000000,0.000000000,0.000000000,1.000000000,1,-0.865152467,-0.378693848,0.820268764,0.000000000,0.000000000,0.016978940,0.999855847,6
1782463476.636923552,18.801620722,5215,vicon_state_data,ball,1,0,1.717122677,-0.107244143,1.045428796,0.000000000,0.000000000,0.000000000,1.000000000,1,-0.864959192,-0.379038690,0.820142159,0.000000000,0.000000000,0.016136394,0.999869800,6
1782463476.640136003,18.804833174,5216,vicon_state_data,ball,1,0,1.727674363,-0.109469733,1.043215711,0.000000000,0.000000000,0.000000000,1.000000000,1,-0.865100395,-0.378628589,0.820236523,0.000000000,0.000000000,0.017015140,0.999855232,6
1782463476.643462896,18.808160067,5217,vicon_state_data,ball,1,0,1.738099863,-0.111786466,1.040125796,0.000000000,0.000000000,0.000000000,1.000000000,1,-0.864770616,-0.379133728,0.820005551,0.000000000,0.000000000,0.015366451,0.999881929,6
1782463476.646802902,18.811500072,5218,vicon_state_data,ball,1,0,1.748441202,-0.113925529,1.037402541,0.000000000,0.000000000,0.000000000,1.000000000,1,-0.864758387,-0.379078010,0.820038624,0.000000000,0.000000000,0.015446343,0.999880698,6
1782463476.649975061,18.814672232,5219,vicon_state_data,ball,1,0,1.758593436,-0.116038811,1.034623762,0.000000000,0.000000000,0.000000000,1.000000000,1,-0.865260955,-0.378494020,0.820817361,0.000000000,0.000000000,0.020282886,0.999794281,6
1782463476.653279781,18.817976952,5220,vicon_state_data,ball,1,0,1.768302289,-0.118470664,1.032308364,0.000000000,0.000000000,0.000000000,1.000000000,1,-0.865293799,-0.378568629,0.820892910,0.000000000,0.000000000,0.020179112,0.999796381,6
1782463476.656775951,18.821473122,5221,vicon_state_data,ball,1,0,1.778161727,-0.121336193,1.029336151,0.000000000,0.000000000,0.000000000,1.000000000,1,-0.865064552,-0.378762162,0.820742479,0.000000000,0.000000000,0.018883322,0.999821694,6
1782463476.660203934,18.824901104,5222,vicon_state_data,ball,1,0,1.787681766,-0.123788296,1.026437368,0.000000000,0.000000000,0.000000000,1.000000000,1,-0.865023836,-0.378775259,0.820737936,0.000000000,0.000000000,0.018723597,0.999824698,6
1782463476.663687468,18.828384638,5223,vicon_state_data,ball,1,0,1.797660469,-0.125806794,1.023304997,0.000000000,0.000000000,0.000000000,1.000000000,1,-0.865022059,-0.378741140,0.820769879,0.000000000,0.000000000,0.018819380,0.999822900,6
1782463476.666900158,18.831597328,5224,vicon_state_data,ball,1,0,1.807525754,-0.127759488,1.020203893,0.000000000,0.000000000,0.000000000,1.000000000,1,-0.864989852,-0.378749258,0.820715082,0.000000000,0.000000000,0.018649585,0.999826081,6
1782463476.670054674,18.834751844,5225,vicon_state_data,ball,1,0,1.818164743,-0.129833457,1.016647202,0.000000000,0.000000000,0.000000000,1.000000000,1,-0.865334757,-0.377976380,0.820856473,0.000000000,0.000000000,0.021396750,0.999771063,6
1782463476.673541546,18.838238716,5226,vicon_state_data,ball,1,0,1.828879250,-0.132596221,1.012840695,0.000000000,0.000000000,0.000000000,1.000000000,1,-0.864944179,-0.378641973,0.820662184,0.000000000,0.000000000,0.018681360,0.999825488,6
1782463476.676769972,18.841467142,5227,vicon_state_data,ball,1,0,1.838930206,-0.134990515,1.009492272,0.000000000,0.000000000,0.000000000,1.000000000,1,-0.864926868,-0.378632745,0.820658708,0.000000000,0.000000000,0.018710739,0.999824939,6
1782463476.680022240,18.844719410,5228,vicon_state_data,ball,1,0,1.849912684,-0.136972666,1.004608386,0.000000000,0.000000000,0.000000000,1.000000000,1,-0.865226533,-0.377915627,0.820735279,0.000000000,0.000000000,0.021091047,0.999777559,6
1782463476.683347940,18.848045111,5229,vicon_state_data,ball,1,0,1.859821542,-0.138890877,1.001050295,0.000000000,0.000000000,0.000000000,1.000000000,1,-0.864700324,-0.378564299,0.820184327,0.000000000,0.000000000,0.014427425,0.999895919,6
1782463476.686652184,18.851349354,5230,vicon_state_data,ball,1,0,1.869765599,-0.141155986,0.997417527,0.000000000,0.000000000,0.000000000,1.000000000,1,-0.864604225,-0.378594083,0.820050881,0.000000000,0.000000000,0.014133809,0.999900113,6
1782463476.690363169,18.855060339,5231,vicon_state_data,ball,1,0,1.879801664,-0.143368441,0.993555376,0.000000000,0.000000000,0.000000000,1.000000000,1,-0.864365106,-0.379032706,0.819934990,0.000000000,0.000000000,0.013159197,0.999913414,6
1782463476.693634510,18.858331680,5232,vicon_state_data,ball,1,0,1.889811460,-0.145906736,0.989669998,0.000000000,0.000000000,0.000000000,1.000000000,1,-0.864341709,-0.379015619,0.819921510,0.000000000,0.000000000,0.013131577,0.999913777,6
1782463476.696680546,18.861377716,5233,vicon_state_data,ball,1,0,1.899965503,-0.148298484,0.985491654,0.000000000,0.000000000,0.000000000,1.000000000,1,-0.864634622,-0.378429496,0.820186473,0.000000000,0.000000000,0.014929621,0.999888547,6
1782463476.700185776,18.864882946,5234,vicon_state_data,ball,1,0,1.910189555,-0.150441611,0.980801111,0.000000000,0.000000000,0.000000000,1.000000000,1,-0.864563100,-0.378490951,0.820081802,0.000000000,0.000000000,0.014160164,0.999899740,6
1782463476.703456402,18.868153572,5235,vicon_state_data,ball,1,0,1.920424564,-0.152666188,0.975782780,0.000000000,0.000000000,0.000000000,1.000000000,1,-0.864272445,-0.378947476,0.819882381,0.000000000,0.000000000,0.012768628,0.999918478,6
1782463476.706935406,18.871632576,5236,vicon_state_data,ball,1,0,1.930357013,-0.154809910,0.971105731,0.000000000,0.000000000,0.000000000,1.000000000,1,-0.864259107,-0.378914256,0.819929614,0.000000000,0.000000000,0.012972662,0.999915851,6
1782463476.710016012,18.874713182,5237,vicon_state_data,ball,1,0,1.939833888,-0.156782667,0.967032955,0.000000000,0.000000000,0.000000000,1.000000000,1,-0.864276760,-0.378831572,0.819986737,0.000000000,0.000000000,0.013365944,0.999910672,6
1782463476.713255167,18.877952337,5238,vicon_state_data,ball,1,0,1.949429557,-0.159336437,0.961950727,0.000000000,0.000000000,0.000000000,1.000000000,1,-0.864190527,-0.378920016,0.819897070,0.000000000,0.000000000,0.012591556,0.999920723,6
1782463476.716555595,18.881252766,5239,vicon_state_data,ball,1,0,1.959036841,-0.161805894,0.957038414,0.000000000,0.000000000,0.000000000,1.000000000,1,-0.864262876,-0.378742561,0.820059826,0.000000000,0.000000000,0.013964123,0.999902497,6
1782463476.719888687,18.884585857,5240,vicon_state_data,ball,1,0,1.968494384,-0.163891729,0.952392336,0.000000000,0.000000000,0.000000000,1.000000000,1,-0.864221385,-0.378769380,0.820038538,0.000000000,0.000000000,0.013444284,0.999909622,6
1782463476.723932743,18.888629913,5241,vicon_state_data,ball,1,0,1.979026420,-0.166116662,0.947267662,0.000000000,0.000000000,0.000000000,1.000000000,1,-0.864264864,-0.378671610,0.820149879,0.000000000,0.000000000,0.014064179,0.999901095,6
1782463476.726993561,18.891690731,5242,vicon_state_data,ball,1,0,1.989007459,-0.168647695,0.942164667,0.000000000,0.000000000,0.000000000,1.000000000,1,-0.864504038,-0.378168075,0.820767108,0.000000000,0.000000000,0.007415681,0.999972503,6
1782463476.730319977,18.895017147,5243,vicon_state_data,ball,1,0,1.998967301,-0.170332019,0.936459731,0.000000000,0.000000000,0.000000000,1.000000000,1,-0.864531743,-0.378130743,0.820391822,0.000000000,0.000000000,0.015368656,0.999881895,6
1782463476.733367443,18.898064613,5244,vicon_state_data,ball,1,0,2.008434873,-0.172835705,0.930997024,0.000000000,0.000000000,0.000000000,1.000000000,1,-0.864566627,-0.378094374,0.820479956,0.000000000,0.000000000,0.015946357,0.999872849,6
1782463476.736771107,18.901468277,5245,vicon_state_data,ball,1,0,2.018811110,-0.174419867,0.925116458,0.000000000,0.000000000,0.000000000,1.000000000,1,-0.864406696,-0.378135338,0.820787135,0.000000000,0.000000000,0.007375946,0.999972797,6
1782463476.740149498,18.904846668,5246,vicon_state_data,ball,1,0,2.028913612,-0.177016644,0.918945823,0.000000000,0.000000000,0.000000000,1.000000000,1,-0.864317970,-0.378134746,0.820547844,0.000000000,0.000000000,0.006929220,0.999975993,6
1782463476.743384838,18.908082008,5247,vicon_state_data,ball,1,0,2.038485169,-0.178954120,0.913142551,0.000000000,0.000000000,0.000000000,1.000000000,1,-0.864003623,-0.378706607,0.820020756,0.000000000,0.000000000,0.012918253,0.999916556,6
1782463476.746642113,18.911339283,5248,vicon_state_data,ball,1,0,2.048126959,-0.181178413,0.907511995,0.000000000,0.000000000,0.000000000,1.000000000,1,-0.864602480,-0.377876690,0.820557364,0.000000000,0.000000000,0.016704924,0.999860463,6
1782463476.750002146,18.914699316,5249,vicon_state_data,ball,1,0,2.057757139,-0.183623450,0.901784804,0.000000000,0.000000000,0.000000000,1.000000000,1,-0.864608112,-0.377743493,0.820893383,0.000000000,0.000000000,0.008243804,0.999966019,6
1782463476.753781080,18.918478251,5250,vicon_state_data,ball,1,0,2.067688296,-0.185783975,0.895626920,0.000000000,0.000000000,0.000000000,1.000000000,1,-0.864333329,-0.378015542,0.820587592,0.000000000,0.000000000,0.007056857,0.999975100,6
1782463476.756909370,18.921606541,5251,vicon_state_data,ball,1,0,2.077596717,-0.188172434,0.889492044,0.000000000,0.000000000,0.000000000,1.000000000,1,-0.863949597,-0.378613609,0.820019848,0.000000000,0.000000000,0.012656215,0.999919907,6
1782463476.760344982,18.925042152,5252,vicon_state_data,ball,1,0,2.087506625,-0.190426635,0.882531726,0.000000000,0.000000000,0.000000000,1.000000000,1,-0.864142097,-0.378411638,0.820313014,0.000000000,0.000000000,0.014499738,0.999894873,6
1782463476.763341427,18.928038597,5253,vicon_state_data,ball,1,0,2.097238961,-0.192429172,0.875833792,0.000000000,0.000000000,0.000000000,1.000000000,1,-0.864385026,-0.377809105,0.820857364,0.000000000,0.000000000,0.007884709,0.999968915,6
1782463476.766646862,18.931344032,5254,vicon_state_data,ball,1,0,2.106365569,-0.194399117,0.869838255,0.000000000,0.000000000,0.000000000,1.000000000,1,-0.864492920,-0.378172776,0.820725826,0.000000000,0.000000000,0.016586846,0.999862429,6
1782463476.770156384,18.934853554,5255,vicon_state_data,ball,1,0,2.115730879,-0.196599002,0.863108018,0.000000000,0.000000000,0.000000000,1.000000000,1,-0.864277432,-0.378188199,0.820540311,0.000000000,0.000000000,0.015785713,0.999875398,6
1782463476.773334503,18.938031673,5256,vicon_state_data,ball,1,0,2.125275501,-0.198859255,0.856292790,0.000000000,0.000000000,0.000000000,1.000000000,1,-0.864162494,-0.378328350,0.820447457,0.000000000,0.000000000,0.015019935,0.999887194,6
1782463476.776639223,18.941336393,5257,vicon_state_data,ball,1,0,2.134235667,-0.200970357,0.849727369,0.000000000,0.000000000,0.000000000,1.000000000,1,-0.864182905,-0.378242802,0.820517633,0.000000000,0.000000000,0.015494126,0.999879959,6
1782463476.779914379,18.944611549,5258,vicon_state_data,ball,1,0,2.142786790,-0.202824854,0.842893863,0.000000000,0.000000000,0.000000000,1.000000000,1,-0.864178506,-0.378278604,0.820452661,0.000000000,0.000000000,0.015124436,0.999885619,6
1782463476.783303976,18.948001146,5259,vicon_state_data,ball,1,0,2.152400275,-0.204524577,0.835932485,0.000000000,0.000000000,0.000000000,1.000000000,1,-0.864175892,-0.378268989,0.820571844,0.000000000,0.000000000,0.015326139,0.999882548,6
1782463476.787026405,18.951723576,5260,vicon_state_data,ball,1,0,2.162813380,-0.206953969,0.828420120,0.000000000,0.000000000,0.000000000,1.000000000,1,-0.864155421,-0.378247307,0.820687094,0.000000000,0.000000000,0.015475493,0.999880247,6
1782463476.790260077,18.954957247,5261,vicon_state_data,ball,1,0,2.172380247,-0.209477531,0.821226848,0.000000000,0.000000000,0.000000000,1.000000000,1,-0.864199159,-0.378255462,0.820692644,0.000000000,0.000000000,0.015479251,0.999880189,6
1782463476.793420076,18.958117247,5262,vicon_state_data,ball,1,0,2.182249899,-0.211414584,0.813802201,0.000000000,0.000000000,0.000000000,1.000000000,1,-0.864078706,-0.377929807,0.820189979,0.000000000,0.000000000,0.016101219,0.999870367,6
1782463476.796607018,18.961304188,5263,vicon_state_data,ball,1,0,2.192331750,-0.212778106,0.805638529,0.000000000,0.000000000,0.000000000,1.000000000,1,-0.864088373,-0.377962913,0.820214533,0.000000000,0.000000000,0.015936244,0.999873010,6
1782463476.799998045,18.964695215,5264,vicon_state_data,ball,1,0,2.201900485,-0.215461481,0.797799736,0.000000000,0.000000000,0.000000000,1.000000000,1,-0.864098514,-0.377943598,0.820267670,0.000000000,0.000000000,0.015921395,0.999873247,6
1782463476.803473473,18.968170643,5265,vicon_state_data,ball,1,0,2.211174170,-0.217596408,0.790080191,0.000000000,0.000000000,0.000000000,1.000000000,1,-0.864465066,-0.377658738,0.820983660,0.000000000,0.000000000,0.019823011,0.999803505,6
1782463476.806933403,18.971630573,5266,vicon_state_data,ball,1,0,2.220467217,-0.219948662,0.782656862,0.000000000,0.000000000,0.000000000,1.000000000,1,-0.864142360,-0.378204250,0.820784924,0.000000000,0.000000000,0.015388358,0.999881592,6
1782463476.810014725,18.974711895,5267,vicon_state_data,ball,1,0,2.229503008,-0.222039155,0.775357673,0.000000000,0.000000000,0.000000000,1.000000000,1,-0.864151583,-0.378194150,0.820836634,0.000000000,0.000000000,0.015290298,0.999883097,6
1782463476.813219309,18.977916479,5268,vicon_state_data,ball,1,0,2.239470205,-0.224455237,0.766851971,0.000000000,0.000000000,0.000000000,1.000000000,1,-0.864393277,-0.377581030,0.820927030,0.000000000,0.000000000,0.019779192,0.999804373,6
1782463476.816682100,18.981379271,5269,vicon_state_data,ball,1,0,2.249050084,-0.226612952,0.758549668,0.000000000,0.000000000,0.000000000,1.000000000,1,-0.864188526,-0.377974769,0.820975448,0.000000000,0.000000000,0.016227658,0.999868323,6
1782463476.819966316,18.984663486,5270,vicon_state_data,ball,1,0,2.257723691,-0.228176648,0.762046913,0.000000000,0.000000000,0.000000000,1.000000000,1,-0.864205280,-0.377935915,0.820924453,0.000000000,0.000000000,0.016256294,0.999867858,6
1782463476.823346853,18.988044024,5271,vicon_state_data,ball,1,0,2.265942951,-0.229648204,0.769130450,0.000000000,0.000000000,0.000000000,1.000000000,1,-0.864157475,-0.377897332,0.820848632,0.000000000,0.000000000,0.016314907,0.999866903,6
1782463476.826701164,18.991398335,5272,vicon_state_data,ball,1,0,2.273844720,-0.231359979,0.776737105,0.000000000,0.000000000,0.000000000,1.000000000,1,-0.864667060,-0.377204181,0.821343064,0.000000000,0.000000000,0.021937121,0.999759352,6
1782463476.830043316,18.994740486,5273,vicon_state_data,ball,1,0,2.282333279,-0.233214634,0.783864107,0.000000000,0.000000000,0.000000000,1.000000000,1,-0.864419800,-0.377373160,0.821049407,0.000000000,0.000000000,0.020390661,0.999792089,6
1782463476.833471060,18.998168230,5274,vicon_state_data,ball,1,0,2.290208442,-0.234511855,0.790836203,0.000000000,0.000000000,0.000000000,1.000000000,1,-0.864106246,-0.377902822,0.820975500,0.000000000,0.000000000,0.016063233,0.999870978,6
1782463476.836958647,19.001655817,5275,vicon_state_data,ball,1,0,2.297777488,-0.235831396,0.797625196,0.000000000,0.000000000,0.000000000,1.000000000,1,-0.863945153,-0.377634379,0.820267228,0.000000000,0.000000000,0.016245284,0.999868037,6
1782463476.840106726,19.004803896,5276,vicon_state_data,ball,1,0,2.307262816,-0.237425925,0.804260888,0.000000000,0.000000000,0.000000000,1.000000000,1,-0.863934598,-0.377654640,0.820282280,0.000000000,0.000000000,0.016134035,0.999869838,6
1782463476.843351603,19.008048773,5277,vicon_state_data,ball,1,0,2.315627898,-0.239441739,0.810880355,0.000000000,0.000000000,0.000000000,1.000000000,1,-0.863947480,-0.377624524,0.820304366,0.000000000,0.000000000,0.016689615,0.999860719,6
1782463476.846738577,19.011435747,5278,vicon_state_data,ball,1,0,2.324524183,-0.240648879,0.816957923,0.000000000,0.000000000,0.000000000,1.000000000,1,-0.863976548,-0.377610778,0.820381149,0.000000000,0.000000000,0.016577601,0.999862582,6
1782463476.850074053,19.014771223,5279,vicon_state_data,ball,1,0,2.332911059,-0.241701038,0.823124594,0.000000000,0.000000000,0.000000000,1.000000000,1,-0.864087264,-0.377514756,0.820523647,0.000000000,0.000000000,0.017372714,0.999849083,6
