seg,source,n,duration_s,start_t,end_t,start_x,end_x,start_y,end_y,start_z,end_z,min_z,max_z,max_dt_ms,max_step_cm,max_speed_mps,median_speed_mps,crosses_x0,incoming_x_decreasing,near_table,first_source_row,last_source_row
1,session_008_first30_incoming.csv,246,1.0983905790000001,30.666956663,31.765347242,2.549845029,-0.224238682,-0.024070042,-0.248574659,1.130537334,0.520496038,0.520496038,1.23500953,82.45706599999991,17.712869456331088,846.0495676205161,4.538115194586416,True,True,True,148,393
2,session_008_first30_incoming.csv,184,1.0724918840000015,46.298849583,47.371341467,2.558529215,-0.574880453,-0.027045427,-0.256024355,1.341323867,1.416931948,0.787029682,1.737911903,88.11950700000182,23.51252927927164,907.7863155338833,6.685095925730697,True,True,True,404,587
3,session_008_first30_incoming.csv,225,1.1827638150000013,62.516820908,63.699584723,2.469990931,-0.668347966,0.003515034,-0.334793078,1.239152677,0.670046185,0.670046185,1.376676481,84.65242399999795,23.626242258914107,580.0133357109003,5.084791512726831,True,True,True,937,1161
4,session_008_first30_incoming.csv,176,1.0133690830000006,75.162814856,76.176183939,2.632577813,-0.699123031,0.007741374,-0.118245016,1.115596844,1.061541896,0.768654525,1.350920931,80.02471899999364,22.388075682221213,900.3126907864171,5.738133836139806,True,True,True,1173,1348
5,session_008_first30_incoming.csv,203,1.0818192960000061,93.434870005,94.516689301,2.551078692,-0.133756746,-0.018442687,0.066828128,1.149456889,0.636812326,0.636812326,1.249240636,86.64488799999503,20.14611066108229,582.9734578190366,5.1829534199978315,True,True,True,1371,1573
6,session_008_first30_incoming.csv,269,1.3414292329999995,109.787322283,111.128751516,2.501827849,-0.791598291,0.062943219,0.18999066,1.287381688,0.762397289,0.762397289,1.617864988,85.65211300000897,22.411940916233565,477.6603006752258,5.092538323327589,True,True,True,1724,1992
7,session_008_first30_incoming.csv,236,1.1468653680000216,141.259159803,142.406025171,2.808272458,-0.789852922,-0.0144636,0.292994498,1.169228665,1.37685454,0.771007652,1.678455798,88.15288600001736,25.684137083957093,464.6304203955312,4.976587525963337,True,True,True,3242,3477
8,session_008_first30_incoming.csv,278,1.3272430890000066,162.447155476,163.774398565,2.588834381,-0.797834183,0.012582074,0.090327238,1.224959799,1.064637637,0.819261588,1.663124779,87.48626700000273,21.285888596422012,138.23837185758072,4.215175294883009,True,True,True,3629,3906
9,session_008_first30_incoming.csv,299,1.4249660960000199,179.915681601,181.340647697,2.851422376,-0.478079058,-0.031871022,-0.115976488,1.20788653,0.536409615,0.536409615,1.627761461,88.32240099999922,21.107873135113433,424.5082850663163,4.619436685630024,True,True,True,3955,4253
10,session_008_first30_incoming.csv,278,1.2804527289999896,194.989805698,196.270258427,2.888668778,-0.753642103,-0.034292866,0.506566836,1.1817496,0.528945933,0.528945933,1.412339321,88.38438999998743,20.660657883785642,379.5181640069144,4.6051941768565685,True,True,True,4316,4593
11,session_008_first30_incoming.csv,279,1.3367359629999953,212.583821774,213.920557737,2.734291725,-0.324884079,-0.015550578,0.355262982,1.196940094,0.706129603,0.706129603,1.561442524,87.93377800000712,23.049854177400526,308.6155167518908,4.1639089497423445,True,True,True,4874,5152
12,session_008_first30_incoming.csv,276,1.2996237280000003,240.013301849,241.312925577,2.88011696,-0.585168788,-0.040081172,-0.034727656,1.179194936,0.683947327,0.683947327,1.439047096,87.09716800001388,20.698946654386674,348.525202926359,4.084329176988758,True,True,True,5704,5979
13,session_008_first30_incoming.csv,305,1.331727743000016,255.341280937,256.67300868,2.840059353,0.127692983,-0.01448608,0.271225712,1.168677762,0.947528966,0.765682665,1.686134195,87.07642600001009,22.848213063069327,235.73152150518717,3.00912474799941,False,True,True,6031,6335
14,session_008_first30_incoming.csv,348,1.4395892620000268,268.678648949,270.118238211,2.833291187,-0.267066152,0.0208013,0.08830167,1.223608449,0.51301024,0.51301024,1.54783037,85.54005700000289,16.913094198622204,223.9225509908086,3.658234295787747,True,True,True,6689,7036
15,session_008_first30_incoming.csv,287,1.2018644800000402,296.175482512,297.377346992,2.845058462,-0.777992255,0.07700758,-0.026895527,1.19483378,1.227613431,0.767795013,1.689982062,85.57176600004368,25.94050908709249,241.45775600826386,4.091233458282096,True,True,True,7141,7427
16,session_008_first30_incoming.csv,253,0.9478020669999978,315.605444908,316.553246975,2.796712852,0.13462215,0.041016168,0.578880052,1.125105148,0.913462791,0.76266952,1.260304979,83.76765200000591,17.124201142637364,196.9401393961934,3.649626356713986,False,True,True,7634,7886
17,session_008_first30_incoming.csv,288,1.147166967999965,331.827475309,332.974642277,2.674937234,-0.783593124,0.046328516,0.354998468,1.222812249,0.683188344,0.683188344,1.428997465,88.23919299999261,17.8350742755713,185.8989851406338,3.8055344273520566,True,True,True,8193,8480
18,session_008_first30_incoming.csv,254,1.0438210969999773,348.173328876,349.217149973,2.686598803,-0.750622676,-0.042178689,0.407161344,1.148513245,1.111179869,0.7679901,1.415641128,83.66823200003637,16.793855121301267,160.41569670189344,4.103503352048943,True,True,True,8613,8866
19,session_008_first30_incoming.csv,320,1.2603971959999853,366.225594759,367.485991955,2.743381912,-0.790254346,0.027933352,0.554668994,1.232232523,0.736873278,0.736873278,1.532783294,90.79861600002914,17.458805133401448,99.43991523266527,3.7123464696719126,True,True,True,9092,9411
20,session_008_first30_incoming.csv,325,1.2779338360000452,381.521677256,382.799611092,2.756504468,-0.783386429,0.039998655,-0.36404461,1.225131915,0.68656056,0.68656056,1.569813131,90.72422899998855,17.703140247642835,160.33768414997365,3.6114701585445594,True,True,True,9544,9868
21,session_008_first30_incoming.csv,314,1.2421858310000289,394.16514039,395.407326221,2.693204095,-0.725312984,-0.023282008,0.030102076,1.217740619,0.530882284,0.530882284,1.436727882,83.40191799999275,18.646455641050828,130.82357359392998,3.4178650691269175,True,True,True,10027,10340
22,session_008_first30_incoming.csv,305,1.1774990559999878,408.496653795,409.674152851,2.894513609,-0.218415865,-0.060128664,0.40124886,1.191517432,0.528130321,0.528130321,1.356495271,85.12854600002129,15.670327361704642,130.82427053885678,3.2904412167717445,True,True,True,10548,10852
23,session_008_first30_incoming.csv,329,1.1952409749999902,422.507537603,423.702778578,2.684111795,-0.717246794,0.010286914,0.781469762,1.209542303,0.529981167,0.529981167,1.415170467,80.91020500000923,15.575130593048103,119.340240526098,3.3949601514384073,True,True,True,10986,11314
24,session_008_first30_incoming.csv,313,1.2106633180000017,438.333575726,439.544239044,2.967180532,-0.77512544,0.002784579,0.907044331,1.17321542,0.845468265,0.764648742,1.522775746,88.42372899999873,19.4391984650775,146.72289111648362,3.5717453343030616,True,True,True,11433,11745
25,session_008_first30_incoming.csv,279,1.089168309999991,453.567243576,454.656411886,2.732802534,-0.654013723,-0.07588023,-0.003486909,1.159221187,0.53868793,0.53868793,1.290768722,86.79842999998755,17.703628277996593,124.42091669002716,3.441343541968629,True,True,True,11913,12191
26,session_008_first30_incoming.csv,228,0.982469081999966,469.307986259,470.290455341,2.612119536,-0.778266338,0.016432402,-0.322755154,1.182857025,1.259581216,0.769520199,1.497743247,86.85469599998896,18.636813242272247,125.81432626685803,3.586071561730096,True,True,True,12406,12633
27,session_008_first30_incoming.csv,368,1.423814058000005,484.76817894,486.191992998,2.69259984,-0.537312494,0.000599915,0.282199717,1.198100396,0.550334492,0.550334492,1.595895477,86.58957500000497,16.052058019095345,104.59410971993188,2.967368737146405,True,True,True,12905,13272
28,session_008_first30_incoming.csv,314,1.2355620860000158,499.24246645,500.478028536,2.648244915,-0.784049404,0.040516393,0.288406926,1.234857165,0.757729662,0.757729662,1.49206884,88.66381699999693,17.15443120718263,108.62157285937035,3.0136285863783225,True,True,True,13593,13906
29,session_009.csv,235,1.1578607560000016,27.000775099,28.158635855,2.663430984,-0.725472667,0.004635361,0.180451795,1.164950192,0.541118807,0.541118807,1.314528242,86.13038000000017,17.670536562989593,2126.925138344505,4.880389090183385,True,True,True,92,326
30,session_009.csv,279,1.2086911200000046,59.90713501,61.11582613,2.664778414,-0.419595541,0.034454143,0.088411271,1.227912044,0.632767631,0.632767631,1.443425657,85.35647400000101,20.760937130111667,494.93072678072826,4.193752641022121,True,True,True,917,1195
31,session_009.csv,269,1.249544143999998,75.986855745,77.236399889,2.578231945,-0.700476698,-0.112907349,0.251945683,1.272649903,0.713327771,0.713327771,1.462112017,95.1333050000045,19.709350590979753,531.6204733522645,4.429076325072147,True,True,True,1314,1582
32,session_009.csv,286,1.2961285119999957,94.578241348,95.87436986,2.698388638,-0.687203663,-0.011066997,-0.38169899,1.222387741,0.695935936,0.695935936,1.461223221,87.60762199999306,21.071759761232084,421.1446178911975,4.373234058085388,True,True,True,1729,2014
33,session_009.csv,258,1.105995655000001,124.767942429,125.873938084,2.690583545,0.233082539,-0.040183451,0.307445038,1.255365545,0.968994742,0.767105969,1.449071084,83.85467499999777,20.364108249225467,313.79949099679993,3.7046076177854474,False,True,True,2923,3180
34,session_009.csv,278,1.2183992860000217,138.923647642,140.142046928,2.613205346,-0.732183009,0.041377938,0.450420286,1.247043201,1.165224896,0.766319241,1.570335528,87.02898000001369,20.515227753968187,251.7578652794682,4.3391390417180595,True,True,True,3572,3849
35,session_009.csv,313,1.3947021959999972,156.828283072,158.222985268,2.747407774,-0.749286662,-0.004585633,0.695757122,1.203948968,0.673639816,0.673639816,1.596105561,85.08968399999617,18.561189855832982,308.1999826713778,4.188756812480424,True,True,True,4155,4467
36,session_009.csv,313,1.3947021959999972,156.828283072,158.222985268,2.747407774,-0.749286662,-0.004585633,0.695757122,1.203948968,0.673639816,0.673639816,1.596105561,85.08968399999617,18.561189855832982,308.1999826713778,4.188756812480424,True,True,True,4155,4467
37,session_009.csv,312,1.3923413750000009,156.828283072,158.220624447,2.747407774,-0.744279757,-0.004585633,0.694112431,1.203948968,0.68537329,0.68537329,1.596105561,85.08968399999617,18.561189855832982,308.1999826713778,4.1886126031164155,True,True,True,4155,4466
38,session_009.csv,313,1.3947021959999972,156.828283072,158.222985268,2.747407774,-0.749286662,-0.004585633,0.695757122,1.203948968,0.673639816,0.673639816,1.596105561,85.08968399999617,18.561189855832982,308.1999826713778,4.188756812480424,True,True,True,4155,4467
39,session_009.csv,312,1.3923413750000009,156.828283072,158.220624447,2.747407774,-0.744279757,-0.004585633,0.694112431,1.203948968,0.68537329,0.68537329,1.596105561,85.08968399999617,18.561189855832982,308.1999826713778,4.1886126031164155,True,True,True,4155,4466
40,session_009.csv,310,1.3875768179999852,156.828283072,158.21585989,2.747407774,-0.73408444,-0.004585633,0.690875677,1.203948968,0.707938853,0.707938853,1.596105561,85.08968399999617,18.561189855832982,308.1999826713778,4.1799008167457075,True,True,True,4155,4464
